1769822340000000,84108.6,84151.2,84108.5,84151.2,1162.21,1769822340000000,11.6221,0,1162.21,11.6221,0
1769822280000000,84095.6,84112.4,84095.5,84108.6,1086.55,1769822280000000,10.8655,0,1086.55,10.8655,0
1769822220000000,84153.6,84153.6,84095.5,84095.5,1856.08,1769822220000000,18.5608,0,1856.08,18.5608,0
1769822160000000,84193.2,84198.6,84153.5,84153.6,1588.61,1769822160000000,15.8861,0,1588.61,15.8861,0
1769822100000000,84168.6,84200.3,84163.8,84193.2,3821.16,1769822100000000,38.2116,0,3821.16,38.2116,0
1769822040000000,84178,84180.3,84168.6,84168.7,888.01,1769822040000000,8.8801,0,888.01,8.8801,0
1769821980000000,84178.6,84178.6,84164.2,84178,1010.76,1769821980000000,10.1076,0,1010.76,10.1076,0
1769821920000000,84185,84186.1,84178.5,84178.6,1078.09,1769821920000000,10.7809,0,1078.09,10.7809,0
1769821860000000,84156.1,84185,84151.4,84185,1138.14,1769821860000000,11.3814,0,1138.14,11.3814,0
1769821800000000,84165.5,84165.5,84138.6,84156,1456.69,1769821800000000,14.5669,0,1456.69,14.5669,0
1769821740000000,84178.7,84184.4,84165.4,84165.5,1637.44,1769821740000000,16.3744,0,1637.44,16.3744,0
1769821680000000,84144.3,84199,84144.2,84178.7,959.43,1769821680000000,9.5943,0,959.43,9.5943,0
1769821620000000,84175.9,84175.9,84144.2,84144.3,2160.26,1769821620000000,21.6026,0,2160.26,21.6026,0
1769821560000000,84202,84202,84175.9,84175.9,1165.06,1769821560000000,11.6506,0,1165.06,11.6506,0
1769821500000000,84129.8,84224.7,84129.8,84202,4230.6,1769821500000000,42.306,0,4230.6,42.306,0
1769821440000000,84103.1,84137.8,84095.5,84129.8,2807.26,1769821440000000,28.0726,0,2807.26,28.0726,0
1769821380000000,84111,84111,84100,84103.1,1041.43,1769821380000000,10.4143,0,1041.43,10.4143,0
1769821320000000,84056.8,84111,84056.7,84111,2635.4,1769821320000000,26.354,0,2635.4,26.354,0
1769821260000000,84047.7,84061.6,84040.7,84056.8,1100.44,1769821260000000,11.0044,0,1100.44,11.0044,0
1769821200000000,84028.8,84050.5,84028.8,84047.7,1531.05,1769821200000000,15.3105,0,1531.05,15.3105,0
1769821140000000,84019.8,84036.1,84009,84028.8,1932.54,1769821140000000,19.3254,0,1932.54,19.3254,0
1769821080000000,84030.5,84050.4,84012.4,84019.9,1617.85,1769821080000000,16.1785,0,1617.85,16.1785,0
1769821020000000,84023.2,84040.8,84023.1,84030.5,781.03,1769821020000000,7.8103,0,781.03,7.8103,0
1769820960000000,83985.6,84046.7,83985.5,84023.4,1925.37,1769820960000000,19.2537,0,1925.37,19.2537,0
1769820900000000,84018,84018,83982,83985.6,1507.87,1769820900000000,15.0787,0,1507.87,15.0787,0
1769820840000000,83986.1,84018,83986,84018,2664.65,1769820840000000,26.6465,0,2664.65,26.6465,0
1769820780000000,83985.6,84001.3,83985.6,83986.1,3445.86,1769820780000000,34.4586,0,3445.86,34.4586,0
1769820720000000,84050.5,84050.5,83982,83985.7,10938.31,1769820720000000,109.3831,0,10938.31,109.3831,0
1769820660000000,84087.4,84098.5,84017.3,84050.4,5394.05,1769820660000000,53.9405,0,5394.05,53.9405,0
1769820600000000,84110.1,84120.1,84087.3,84087.4,760.1,1769820600000000,7.601,0,760.1,7.601,0
1769820540000000,84076.1,84130.6,84076,84110,3680.58,1769820540000000,36.8058,0,3680.58,36.8058,0
1769820480000000,84095.9,84100,84075,84076,1441.2,1769820480000000,14.412,0,1441.2,14.412,0
1769820420000000,84144,84144,84076,84095.8,2350.2,1769820420000000,23.502,0,2350.2,23.502,0
1769820360000000,84152.3,84155.2,84143,84144,2425.07,1769820360000000,24.2507,0,2425.07,24.2507,0
1769820300000000,84207.4,84207.4,84152.2,84152.2,2139.29,1769820300000000,21.3929,0,2139.29,21.3929,0
1769820240000000,84215.9,84215.9,84191.7,84207.4,1066.36,1769820240000000,10.6636,0,1066.36,10.6636,0
1769820180000000,84200.6,84215.9,84181.6,84215.9,1937.42,1769820180000000,19.3742,0,1937.42,19.3742,0
1769820120000000,84209.1,84209.1,84200.5,84200.5,456.14,1769820120000000,4.5614,0,456.14,4.5614,0
1769820060000000,84214.5,84230,84202.4,84209.1,2496.88,1769820060000000,24.9688,0,2496.88,24.9688,0
1769820000000000,84189.1,84231.1,84189.1,84214.5,1668.16,1769820000000000,16.6816,0,1668.16,16.6816,0
1769819940000000,84181.5,84200,84169.3,84189.1,2210.04,1769819940000000,22.1004,0,2210.04,22.1004,0
1769819880000000,84201.8,84207.7,84181.6,84181.6,828.16,1769819880000000,8.2816,0,828.16,8.2816,0
1769819820000000,84184.4,84201.8,84175.8,84201.8,2776.03,1769819820000000,27.7603,0,2776.03,27.7603,0
1769819760000000,84132.1,84184.4,84128.8,84184.3,1443.29,1769819760000000,14.4329,0,1443.29,14.4329,0
1769819700000000,84131.8,84162.6,84131.7,84132,1878.23,1769819700000000,18.7823,0,1878.23,18.7823,0
1769819640000000,84108.1,84131.8,84084.8,84131.8,1011.36,1769819640000000,10.1136,0,1011.36,10.1136,0
1769819580000000,84104.8,84119.4,84080,84108.1,1450.87,1769819580000000,14.5087,0,1450.87,14.5087,0
1769819520000000,84117.8,84131.8,84093.7,84104.8,1107.22,1769819520000000,11.0722,0,1107.22,11.0722,0
1769819460000000,84131.8,84131.8,84117.7,84117.7,530.81,1769819460000000,5.3081,0,530.81,5.3081,0
1769819400000000,84127.7,84131.8,84108.8,84131.7,825.38,1769819400000000,8.2538,0,825.38,8.2538,0
1769819340000000,84147,84147,84118.3,84127.7,591.09,1769819340000000,5.9109,0,591.09,5.9109,0
1769819280000000,84126.6,84152.2,84126.5,84146.9,931.19,1769819280000000,9.3119,0,931.19,9.3119,0
1769819220000000,84130,84130,84095.6,84126.6,667.21,1769819220000000,6.6721,0,667.21,6.6721,0
1769819160000000,84124.9,84130,84117.8,84130,982.12,1769819160000000,9.8212,0,982.12,9.8212,0
1769819100000000,84088.4,84125,84088.3,84125,633.28,1769819100000000,6.3328,0,633.28,6.3328,0
1769819040000000,84124.4,84124.4,84072.4,84088.4,1320.94,1769819040000000,13.2094,0,1320.94,13.2094,0
1769818980000000,84095.4,84145,84095.4,84124.4,1682.73,1769818980000000,16.8273,0,1682.73,16.8273,0
1769818920000000,84117.5,84117.6,84068.1,84095.4,1914.77,1769818920000000,19.1477,0,1914.77,19.1477,0
1769818860000000,84099.9,84117.6,84072.2,84117.6,2473.11,1769818860000000,24.7311,0,2473.11,24.7311,0
1769818800000000,84174.5,84194.3,84074.9,84100,12876.05,1769818800000000,128.7605,0,12876.05,128.7605,0
1769818740000000,84159.5,84174.6,84159.5,84174.6,2233.71,1769818740000000,22.3371,0,2233.71,22.3371,0
1769818680000000,84150.9,84172.3,84148.1,84159.6,5237.66,1769818680000000,52.3766,0,5237.66,52.3766,0
1769818620000000,84152.3,84165.7,84144.3,84150.9,818.68,1769818620000000,8.1868,0,818.68,8.1868,0
1769818560000000,84117.6,84169.3,84108.1,84152.3,10548.96,1769818560000000,105.4896,0,10548.96,105.4896,0
1769818500000000,84127.8,84127.9,84108.7,84117.7,1213.74,1769818500000000,12.1374,0,1213.74,12.1374,0
1769818440000000,84120.4,84127.9,84113.4,84127.9,1449.51,1769818440000000,14.4951,0,1449.51,14.4951,0
1769818380000000,84074.2,84120.4,84068.1,84120.4,996.4,1769818380000000,9.964,0,996.4,9.964,0
1769818320000000,84078.7,84088,84074.2,84074.2,814.01,1769818320000000,8.1401,0,814.01,8.1401,0
1769818260000000,84111.7,84111.8,84074.2,84078.8,1551.5,1769818260000000,15.515,0,1551.5,15.515,0
1769818200000000,84100.6,84147.2,84082.5,84111.7,1822.88,1769818200000000,18.2288,0,1822.88,18.2288,0
1769818140000000,84109.4,84118.4,84100.6,84100.6,1456.67,1769818140000000,14.5667,0,1456.67,14.5667,0
1769818080000000,84144.4,84144.5,84109.4,84109.4,1309.59,1769818080000000,13.0959,0,1309.59,13.0959,0
1769818020000000,84133.4,84165.2,84133.4,84144.4,1285.87,1769818020000000,12.8587,0,1285.87,12.8587,0
1769817960000000,84139.7,84166.2,84131,84133.4,1576.38,1769817960000000,15.7638,0,1576.38,15.7638,0
1769817900000000,84113.7,84151.5,84106.1,84139.6,5642.33,1769817900000000,56.4233,0,5642.33,56.4233,0
1769817840000000,84091.3,84113.8,84080.6,84113.6,1780.86,1769817840000000,17.8086,0,1780.86,17.8086,0
1769817780000000,84102.3,84120,84068.5,84091.3,3634.02,1769817780000000,36.3402,0,3634.02,36.3402,0
1769817720000000,84090.3,84163.6,84090.2,84102.4,6231.83,1769817720000000,62.3183,0,6231.83,62.3183,0
1769817660000000,84188.9,84199.9,84088.7,84090.2,8361.78,1769817660000000,83.6178,0,8361.78,83.6178,0
1769817600000000,84212.7,84214,84188.8,84188.9,1762.76,1769817600000000,17.6276,0,1762.76,17.6276,0
1769828340000000,84077.1,84082.1,84074.4,84082,1032.05,1769828340000000,10.3205,0,1032.05,10.3205,0
1769828280000000,84087.9,84088,84074.7,84077.1,1008.54,1769828280000000,10.0854,0,1008.54,10.0854,0
1769828220000000,84103.2,84103.3,84082.5,84088,535.93,1769828220000000,5.3593,0,535.93,5.3593,0
1769828160000000,84127.7,84133.3,84103.2,84103.2,1069.12,1769828160000000,10.6912,0,1069.12,10.6912,0
1769828100000000,84109.1,84127.8,84109.1,84127.8,1138.03,1769828100000000,11.3803,0,1138.03,11.3803,0
1769828040000000,84091.1,84109.2,84086.3,84109.2,558.16,1769828040000000,5.5816,0,558.16,5.5816,0
1769827980000000,84089.9,84100,84089.9,84091.1,985.46,1769827980000000,9.8546,0,985.46,9.8546,0
1769827920000000,84084.9,84090,84080.8,84089.9,1110.54,1769827920000000,11.1054,0,1110.54,11.1054,0
1769827860000000,84086.8,84086.9,84066.7,84084.8,659.1,1769827860000000,6.591,0,659.1,6.591,0
1769827800000000,84080,84086.9,84069.9,84086.8,2721.39,1769827800000000,27.2139,0,2721.39,27.2139,0
1769827740000000,84068.2,84080,84066.7,84079.9,1270.45,1769827740000000,12.7045,0,1270.45,12.7045,0
1769827680000000,84123,84123.1,84068.1,84068.2,2640.13,1769827680000000,26.4013,0,2640.13,26.4013,0
1769827620000000,84115.7,84146.5,84115.7,84123,1555.07,1769827620000000,15.5507,0,1555.07,15.5507,0
1769827560000000,84081.4,84124.4,84081.4,84115.6,2117.72,1769827560000000,21.1772,0,2117.72,21.1772,0
1769827500000000,84097,84097,84070,84081.4,3050.88,1769827500000000,30.5088,0,3050.88,30.5088,0
1769827440000000,84104,84116.3,84074,84096.9,1671.11,1769827440000000,16.7111,0,1671.11,16.7111,0
1769827380000000,84080.4,84124.7,84067.2,84104,2620.16,1769827380000000,26.2016,0,2620.16,26.2016,0
1769827320000000,84088.3,84088.4,84040.9,84080.4,2073.63,1769827320000000,20.7363,0,2073.63,20.7363,0
1769827260000000,84114.1,84122.1,84066,84088.3,1615.17,1769827260000000,16.1517,0,1615.17,16.1517,0
1769827200000000,83971.5,84122.5,83971.4,84114.1,7706.99,1769827200000000,77.0699,0,7706.99,77.0699,0
1769827140000000,83993.1,84030.4,83971.4,83971.4,3678.82,1769827140000000,36.7882,0,3678.82,36.7882,0
1769827080000000,84002.3,84007.9,83993,83993.1,1991.21,1769827080000000,19.9121,0,1991.21,19.9121,0
1769827020000000,83993.3,84003.3,83986.3,84002.3,3431.16,1769827020000000,34.3116,0,3431.16,34.3116,0
1769826960000000,84003.3,84010.8,83990,83993.2,2724.58,1769826960000000,27.2458,0,2724.58,27.2458,0
1769826900000000,83891.1,84003.3,83891,84003.2,9870.97,1769826900000000,98.7097,0,9870.97,98.7097,0
1769826840000000,83820,83909.6,83819.9,83891.1,9072.16,1769826840000000,90.7216,0,9072.16,90.7216,0
1769826780000000,83785.6,83820,83781.1,83820,1782.2,1769826780000000,17.822,0,1782.2,17.822,0
1769826720000000,83808.3,83813,83761.6,83785.5,4444.7,1769826720000000,44.447,0,4444.7,44.447,0
1769826660000000,83815.1,83815.1,83799.2,83808.3,1522.62,1769826660000000,15.2262,0,1522.62,15.2262,0
1769826600000000,83844.5,83844.5,83800.1,83815.1,3574.72,1769826600000000,35.7472,0,3574.72,35.7472,0
1769826540000000,83864.7,83864.7,83842.3,83844.5,871.98,1769826540000000,8.7198,0,871.98,8.7198,0
1769826480000000,83829.2,83864.7,83812.8,83864.7,1607.39,1769826480000000,16.0739,0,1607.39,16.0739,0
1769826420000000,83840.9,83840.9,83819.6,83829.2,1592.98,1769826420000000,15.9298,0,1592.98,15.9298,0
1769826360000000,83824.7,83868.5,83817.7,83840.9,4534.48,1769826360000000,45.3448,0,4534.48,45.3448,0
1769826300000000,83820.7,83844.6,83792.6,83824.7,13953.37,1769826300000000,139.5337,0,13953.37,139.5337,0
1769826240000000,83866.5,83868.5,83815.8,83820.7,5476.91,1769826240000000,54.7691,0,5476.91,54.7691,0
1769826180000000,83893,83908.8,83858.2,83866.5,1371.61,1769826180000000,13.7161,0,1371.61,13.7161,0
1769826120000000,83908.8,83913.5,83889.1,83893,1699.82,1769826120000000,16.9982,0,1699.82,16.9982,0
1769826060000000,83899.9,83915,83899.9,83908.8,1525.53,1769826060000000,15.2553,0,1525.53,15.2553,0
1769826000000000,83881,83914.3,83880.9,83900,2277.64,1769826000000000,22.7764,0,2277.64,22.7764,0
1769825940000000,83892.1,83903.7,83878.1,83881,2569.45,1769825940000000,25.6945,0,2569.45,25.6945,0
1769825880000000,83831.9,83900,83831.9,83892.1,4716.27,1769825880000000,47.1627,0,4716.27,47.1627,0
1769825820000000,83935.6,83940.2,83831.7,83831.9,6944.35,1769825820000000,69.4435,0,6944.35,69.4435,0
1769825760000000,83982.5,83982.5,83931.8,83935.6,1310.31,1769825760000000,13.1031,0,1310.31,13.1031,0
1769825700000000,83982.3,83987.6,83969.7,83982.5,2005.29,1769825700000000,20.0529,0,2005.29,20.0529,0
1769825640000000,83961.5,83986.8,83956.3,83982.4,1486.86,1769825640000000,14.8686,0,1486.86,14.8686,0
1769825580000000,83934.1,83961.6,83934.1,83961.6,575.53,1769825580000000,5.7553,0,575.53,5.7553,0
1769825520000000,83931.9,83934,83919,83934,4881.52,1769825520000000,48.8152,0,4881.52,48.8152,0
1769825460000000,83909.9,83938,83909.8,83932,1011.15,1769825460000000,10.1115,0,1011.15,10.1115,0
1769825400000000,83903.1,83911.9,83903.1,83909.9,1158.89,1769825400000000,11.5889,0,1158.89,11.5889,0
1769825340000000,83921,83942.4,83895.9,83903,1461.47,1769825340000000,14.6147,0,1461.47,14.6147,0
1769825280000000,83919.2,83921,83893.8,83920.9,731.09,1769825280000000,7.3109,0,731.09,7.3109,0
1769825220000000,83953.6,83953.6,83888,83919.2,2644.85,1769825220000000,26.4485,0,2644.85,26.4485,0
1769825160000000,84010.9,84011,83953.5,83953.6,928.29,1769825160000000,9.2829,0,928.29,9.2829,0
1769825100000000,83953.4,84012.2,83953.4,84010.9,6328.29,1769825100000000,63.2829,0,6328.29,63.2829,0
1769825040000000,83984.9,83985,83946.8,83953.5,2314.13,1769825040000000,23.1413,0,2314.13,23.1413,0
1769824980000000,83963.1,83985,83945.4,83984.9,1103.97,1769824980000000,11.0397,0,1103.97,11.0397,0
1769824920000000,83971.2,83980.8,83963.1,83963.1,1173.72,1769824920000000,11.7372,0,1173.72,11.7372,0
1769824860000000,83955.5,83971.3,83955.5,83971.2,517.7,1769824860000000,5.177,0,517.7,5.177,0
1769824800000000,83967.7,83978.5,83945.4,83955.5,3224.57,1769824800000000,32.2457,0,3224.57,32.2457,0
1769824740000000,83953.9,83967.7,83953.8,83967.6,375.22,1769824740000000,3.7522,0,375.22,3.7522,0
1769824680000000,83985.1,83991.2,83953.8,83953.9,938.2,1769824680000000,9.382,0,938.2,9.382,0
1769824620000000,84011.5,84011.5,83976.3,83985,892.5,1769824620000000,8.925,0,892.5,8.925,0
1769824560000000,83985,84014,83985,84011.4,1370.48,1769824560000000,13.7048,0,1370.48,13.7048,0
1769824500000000,83998,83998.1,83983.3,83985.1,2157.93,1769824500000000,21.5793,0,2157.93,21.5793,0
1769824440000000,83998.3,84000,83987,83998.1,2246.53,1769824440000000,22.4653,0,2246.53,22.4653,0
1769824380000000,83982.9,83999.8,83974.5,83998.3,1678.73,1769824380000000,16.7873,0,1678.73,16.7873,0
1769824320000000,83993.8,83994.8,83974.4,83982.9,912.18,1769824320000000,9.1218,0,912.18,9.1218,0
1769824260000000,83952.4,83996,83952.3,83993.8,2648.84,1769824260000000,26.4884,0,2648.84,26.4884,0
1769824200000000,83917.2,83952.4,83910.9,83952.4,3265.4,1769824200000000,32.654,0,3265.4,32.654,0
1769824140000000,83933.3,83941.9,83900,83917.2,5680.56,1769824140000000,56.8056,0,5680.56,56.8056,0
1769824080000000,83915,83933.3,83903,83933.3,2641.67,1769824080000000,26.4167,0,2641.67,26.4167,0
1769824020000000,83920.3,83949.9,83914.9,83914.9,2643.04,1769824020000000,26.4304,0,2643.04,26.4304,0
1769823960000000,84000,84000,83900.1,83920.2,2339.31,1769823960000000,23.3931,0,2339.31,23.3931,0
1769823900000000,84009.5,84009.6,83995.3,84000,1192.04,1769823900000000,11.9204,0,1192.04,11.9204,0
1769823840000000,84046.2,84046.2,84002.4,84009.6,949.82,1769823840000000,9.4982,0,949.82,9.4982,0
1769823780000000,84020,84053.7,84019.9,84046.2,3374.43,1769823780000000,33.7443,0,3374.43,33.7443,0
1769823720000000,83955.7,84020,83945.3,84020,2594.69,1769823720000000,25.9469,0,2594.69,25.9469,0
1769823660000000,83952.4,83974.1,83940.9,83955.7,1356.56,1769823660000000,13.5656,0,1356.56,13.5656,0
1769823600000000,83949.9,83961.5,83911,83952.5,4940.92,1769823600000000,49.4092,0,4940.92,49.4092,0
1769823540000000,83905.2,83950,83905.1,83949.9,4372.12,1769823540000000,43.7212,0,4372.12,43.7212,0
1769823480000000,83871.2,83905.2,83863.8,83905.2,3183.16,1769823480000000,31.8316,0,3183.16,31.8316,0
1769823420000000,83911.1,83930.3,83855.7,83871.2,15682.02,1769823420000000,156.8202,0,15682.02,156.8202,0
1769823360000000,83954.1,83983,83911,83911,2697.16,1769823360000000,26.9716,0,2697.16,26.9716,0
1769823300000000,83970.8,83977.9,83935.6,83954,3137.69,1769823300000000,31.3769,0,3137.69,31.3769,0
1769823240000000,83950.1,83987.1,83950,83970.8,3454.79,1769823240000000,34.5479,0,3454.79,34.5479,0
1769823180000000,83981.2,84031.8,83950,83950.1,5219.61,1769823180000000,52.1961,0,5219.61,52.1961,0
1769823120000000,83990,84016.6,83981.1,83981.1,2163.42,1769823120000000,21.6342,0,2163.42,21.6342,0
1769823060000000,84005.1,84038.7,83990,83990,3755.08,1769823060000000,37.5508,0,3755.08,37.5508,0
1769823000000000,84090.5,84090.5,83990,84005.1,7121.65,1769823000000000,71.2165,0,7121.65,71.2165,0
1769822940000000,84125.7,84130,84090.4,84090.5,1615.36,1769822940000000,16.1536,0,1615.36,16.1536,0
1769822880000000,84137.9,84145.3,84117.8,84125.7,1481.43,1769822880000000,14.8143,0,1481.43,14.8143,0
1769822820000000,84118,84137.9,84117.9,84137.8,521.92,1769822820000000,5.2192,0,521.92,5.2192,0
1769822760000000,84154.7,84163.1,84095.5,84118,4234.85,1769822760000000,42.3485,0,4234.85,42.3485,0
1769822700000000,84147.7,84154.7,84129.8,84154.7,1847.16,1769822700000000,18.4716,0,1847.16,18.4716,0
1769822640000000,84137.7,84147.7,84128.1,84147.7,656.8,1769822640000000,6.568,0,656.8,6.568,0
1769822580000000,84127.2,84148.7,84127.1,84137.7,876.64,1769822580000000,8.7664,0,876.64,8.7664,0
1769822520000000,84147.3,84172.4,84127.1,84127.2,854.78,1769822520000000,8.5478,0,854.78,8.5478,0
1769822460000000,84193,84193,84147.2,84147.3,1373.09,1769822460000000,13.7309,0,1373.09,13.7309,0
1769822400000000,84151.2,84193,84151.1,84193,653.56,1769822400000000,6.5356,0,653.56,6.5356,0
1769834340000000,84063.5,84073.6,84063.5,84065,1336.51,1769834340000000,13.3651,0,1336.51,13.3651,0
1769834280000000,84064.4,84071.4,84063.5,84063.6,471.03,1769834280000000,4.7103,0,471.03,4.7103,0
1769834220000000,84044.7,84064.4,84044.7,84064.4,1118.58,1769834220000000,11.1858,0,1118.58,11.1858,0
1769834160000000,84063.8,84063.9,84044.7,84044.8,257.76,1769834160000000,2.5776,0,257.76,2.5776,0
1769834100000000,84075.1,84075.2,84057.9,84063.9,332.42,1769834100000000,3.3242,0,332.42,3.3242,0
1769834040000000,84047.2,84075.2,84043.1,84075.1,809.19,1769834040000000,8.0919,0,809.19,8.0919,0
1769833980000000,84079.3,84079.3,84047.1,84047.2,351.04,1769833980000000,3.5104,0,351.04,3.5104,0
1769833920000000,84080.1,84095.1,84079.3,84079.4,630.83,1769833920000000,6.3083,0,630.83,6.3083,0
1769833860000000,84091.1,84091.1,84080,84080.1,318.22,1769833860000000,3.1822,0,318.22,3.1822,0
1769833800000000,84095.9,84096,84091,84091.1,630.6,1769833800000000,6.306,0,630.6,6.306,0
1769833740000000,84095.9,84096,84095.9,84095.9,2497.06,1769833740000000,24.9706,0,2497.06,24.9706,0
1769833680000000,84088.9,84096,84088.8,84096,1458.38,1769833680000000,14.5838,0,1458.38,14.5838,0
1769833620000000,84074.2,84088.9,84074.1,84088.9,285.5,1769833620000000,2.855,0,285.5,2.855,0
1769833560000000,84088.9,84089,84074.1,84074.1,470,1769833560000000,4.7,0,470,4.7,0
1769833500000000,84077,84089,84076.9,84088.9,2552.2,1769833500000000,25.522,0,2552.2,25.522,0
1769833440000000,84056.3,84076.9,84056.2,84076.9,1043.25,1769833440000000,10.4325,0,1043.25,10.4325,0
1769833380000000,84052,84056.3,84038.3,84056.3,1059.42,1769833380000000,10.5942,0,1059.42,10.5942,0
1769833320000000,84009.6,84052,84009.5,84052,1166.56,1769833320000000,11.6656,0,1166.56,11.6656,0
1769833260000000,83969.7,84043.1,83969.7,84009.6,1576.36,1769833260000000,15.7636,0,1576.36,15.7636,0
1769833200000000,83992.4,83992.4,83955.7,83969.8,1694.57,1769833200000000,16.9457,0,1694.57,16.9457,0
1769833140000000,84047.4,84047.5,83992.3,83992.4,1871.58,1769833140000000,18.7158,0,1871.58,18.7158,0
1769833080000000,84058.9,84058.9,84047.4,84047.5,837.67,1769833080000000,8.3767,0,837.67,8.3767,0
1769833020000000,84053,84058.9,84052.9,84058.9,261.09,1769833020000000,2.6109,0,261.09,2.6109,0
1769832960000000,84045,84053,84044.9,84053,737.21,1769832960000000,7.3721,0,737.21,7.3721,0
1769832900000000,84045,84045,84042.3,84045,508.71,1769832900000000,5.0871,0,508.71,5.0871,0
1769832840000000,84040.9,84045,84040.9,84045,283.54,1769832840000000,2.8354,0,283.54,2.8354,0
1769832780000000,84044.6,84044.6,84029.7,84041,619.09,1769832780000000,6.1909,0,619.09,6.1909,0
1769832720000000,84044.6,84044.6,84021.6,84044.6,973.48,1769832720000000,9.7348,0,973.48,9.7348,0
1769832660000000,84045,84045,84044.5,84044.6,545.3,1769832660000000,5.453,0,545.3,5.453,0
1769832600000000,84037.5,84045,84037.4,84045,684.67,1769832600000000,6.8467,0,684.67,6.8467,0
1769832540000000,84016.3,84037.5,84016.2,84037.5,1038.24,1769832540000000,10.3824,0,1038.24,10.3824,0
1769832480000000,83995.6,84036.9,83995.6,84016.3,423.43,1769832480000000,4.2343,0,423.43,4.2343,0
1769832420000000,84008.7,84017.3,83995.5,83995.6,2023.03,1769832420000000,20.2303,0,2023.03,20.2303,0
1769832360000000,84003.3,84010.5,84003.2,84008.7,1394.67,1769832360000000,13.9467,0,1394.67,13.9467,0
1769832300000000,84037.4,84037.4,84003.2,84003.2,3633.91,1769832300000000,36.3391,0,3633.91,36.3391,0
1769832240000000,84028.3,84037.7,84028.3,84037.4,1999.29,1769832240000000,19.9929,0,1999.29,19.9929,0
1769832180000000,84028.9,84044.4,84028.3,84028.4,510.73,1769832180000000,5.1073,0,510.73,5.1073,0
1769832120000000,84032.3,84045.1,84028.8,84028.8,2177.6,1769832120000000,21.776,0,2177.6,21.776,0
1769832060000000,83996.6,84033,83996.6,84032.2,1778.98,1769832060000000,17.7898,0,1778.98,17.7898,0
1769832000000000,83975.2,83996.6,83970.7,83996.6,1325.94,1769832000000000,13.2594,0,1325.94,13.2594,0
1769831940000000,83984.1,83984.1,83975,83975.2,1596.21,1769831940000000,15.9621,0,1596.21,15.9621,0
1769831880000000,84004.9,84004.9,83984,83984,616.84,1769831880000000,6.1684,0,616.84,6.1684,0
1769831820000000,84004.9,84004.9,84004.8,84004.9,241.17,1769831820000000,2.4117,0,241.17,2.4117,0
1769831760000000,83995.8,84004.9,83995.7,84004.9,736.37,1769831760000000,7.3637,0,736.37,7.3637,0
1769831700000000,83990,83995.8,83986.9,83995.8,993.32,1769831700000000,9.9332,0,993.32,9.9332,0
1769831640000000,83996.2,84002,83990,83990.1,1784.23,1769831640000000,17.8423,0,1784.23,17.8423,0
1769831580000000,83994.2,84005.2,83994.1,83996.2,1955.84,1769831580000000,19.5584,0,1955.84,19.5584,0
1769831520000000,84007.9,84008,83990,83994.2,744.21,1769831520000000,7.4421,0,744.21,7.4421,0
1769831460000000,84030,84030,84007.9,84007.9,566.16,1769831460000000,5.6616,0,566.16,5.6616,0
1769831400000000,84021.1,84030,84021.1,84030,702.97,1769831400000000,7.0297,0,702.97,7.0297,0
1769831340000000,84001.1,84025.6,84001.1,84021.2,622.06,1769831340000000,6.2206,0,622.06,6.2206,0
1769831280000000,84013.4,84013.4,84001.1,84001.2,585.4,1769831280000000,5.854,0,585.4,5.854,0
1769831220000000,84010.6,84034.4,84010.5,84013.4,888.05,1769831220000000,8.8805,0,888.05,8.8805,0
1769831160000000,84048.8,84048.9,84010.5,84010.5,896.57,1769831160000000,8.9657,0,896.57,8.9657,0
1769831100000000,84026.8,84048.9,84023.1,84048.9,1505.51,1769831100000000,15.0551,0,1505.51,15.0551,0
1769831040000000,84050.2,84050.2,84026.8,84026.9,1211.77,1769831040000000,12.1177,0,1211.77,12.1177,0
1769830980000000,84074.8,84074.9,84040.9,84050.2,2737.23,1769830980000000,27.3723,0,2737.23,27.3723,0
1769830920000000,84081.4,84081.4,84056.5,84074.8,1136.76,1769830920000000,11.3676,0,1136.76,11.3676,0
1769830860000000,84088,84088,84081.3,84081.4,912.36,1769830860000000,9.1236,0,912.36,9.1236,0
1769830800000000,84040.9,84088,84040.9,84088,3983.37,1769830800000000,39.8337,0,3983.37,39.8337,0
1769830740000000,84010.8,84041,84010.7,84041,1329.18,1769830740000000,13.2918,0,1329.18,13.2918,0
1769830680000000,84034.5,84034.5,84010.7,84010.7,1970.21,1769830680000000,19.7021,0,1970.21,19.7021,0
1769830620000000,84067,84067,84034.4,84034.5,1530.78,1769830620000000,15.3078,0,1530.78,15.3078,0
1769830560000000,84087.7,84087.7,84066.9,84067,764.22,1769830560000000,7.6422,0,764.22,7.6422,0
1769830500000000,84087.7,84087.7,84087.6,84087.7,338.5,1769830500000000,3.385,0,338.5,3.385,0
1769830440000000,84078.1,84087.7,84068.9,84087.6,1237.39,1769830440000000,12.3739,0,1237.39,12.3739,0
1769830380000000,84099.1,84099.1,84071.1,84078,1191.3,1769830380000000,11.913,0,1191.3,11.913,0
1769830320000000,84138,84138.1,84088,84099.1,1487.54,1769830320000000,14.8754,0,1487.54,14.8754,0
1769830260000000,84132.7,84145,84132.7,84138,610.78,1769830260000000,6.1078,0,610.78,6.1078,0
1769830200000000,84107.5,84132.7,84107.4,84132.7,750.59,1769830200000000,7.5059,0,750.59,7.5059,0
1769830140000000,84100,84112.6,84100,84107.4,1500.48,1769830140000000,15.0048,0,1500.48,15.0048,0
1769830080000000,84110.2,84110.2,84088.6,84100,1482.94,1769830080000000,14.8294,0,1482.94,14.8294,0
1769830020000000,84146.4,84146.4,84110.1,84110.1,794.42,1769830020000000,7.9442,0,794.42,7.9442,0
1769829960000000,84161.6,84161.6,84139.8,84146.4,3735.63,1769829960000000,37.3563,0,3735.63,37.3563,0
1769829900000000,84175.4,84175.4,84161.5,84161.6,785.89,1769829900000000,7.8589,0,785.89,7.8589,0
1769829840000000,84163,84178,84163,84175.4,697.14,1769829840000000,6.9714,0,697.14,6.9714,0
1769829780000000,84177.9,84178,84162,84163,1309.05,1769829780000000,13.0905,0,1309.05,13.0905,0
1769829720000000,84169.1,84178,84169,84177.9,1048.02,1769829720000000,10.4802,0,1048.02,10.4802,0
1769829660000000,84177,84177,84169,84169.1,654.48,1769829660000000,6.5448,0,654.48,6.5448,0
1769829600000000,84179.9,84179.9,84166.5,84177,1673.61,1769829600000000,16.7361,0,1673.61,16.7361,0
1769829540000000,84145,84181.8,84144.8,84179.9,3021.57,1769829540000000,30.2157,0,3021.57,30.2157,0
1769829480000000,84140,84145,84139.9,84145,433.06,1769829480000000,4.3306,0,433.06,4.3306,0
1769829420000000,84145.1,84150,84129.2,84140,1424.62,1769829420000000,14.2462,0,1424.62,14.2462,0
1769829360000000,84109,84145,84102.3,84145,2483.51,1769829360000000,24.8351,0,2483.51,24.8351,0
1769829300000000,84137.4,84137.4,84108,84109.1,640.01,1769829300000000,6.4001,0,640.01,6.4001,0
1769829240000000,84174.6,84174.7,84122.9,84137.4,1936.26,1769829240000000,19.3626,0,1936.26,19.3626,0
1769829180000000,84096.6,84180,84094.1,84174.7,7691.04,1769829180000000,76.9104,0,7691.04,76.9104,0
1769829120000000,84066.7,84109.2,84066.7,84096.5,1532.55,1769829120000000,15.3255,0,1532.55,15.3255,0
1769829060000000,84100.6,84100.6,84066.6,84066.7,1868.18,1769829060000000,18.6818,0,1868.18,18.6818,0
1769829000000000,84109,84109,84090.4,84100.6,1886.75,1769829000000000,18.8675,0,1886.75,18.8675,0
1769828940000000,84099.9,84109,84096.1,84108.9,461.8,1769828940000000,4.618,0,461.8,4.618,0
1769828880000000,84103.2,84114.9,84093.8,84099.9,1130.44,1769828880000000,11.3044,0,1130.44,11.3044,0
1769828820000000,84105,84105.3,84087.4,84103.2,634.87,1769828820000000,6.3487,0,634.87,6.3487,0
1769828760000000,84105.1,84112.1,84096.2,84105,630.58,1769828760000000,6.3058,0,630.58,6.3058,0
1769828700000000,84100.2,84130,84087.7,84105.1,1729.38,1769828700000000,17.2938,0,1729.38,17.2938,0
1769828640000000,84114.7,84114.7,84088.2,84100.2,2071.34,1769828640000000,20.7134,0,2071.34,20.7134,0
1769828580000000,84100.2,84114.6,84100.2,84114.6,1711.21,1769828580000000,17.1121,0,1711.21,17.1121,0
1769828520000000,84140.6,84140.7,84100.2,84100.2,1959.3,1769828520000000,19.593,0,1959.3,19.593,0
1769828460000000,84125.9,84145,84125.8,84140.7,2298.03,1769828460000000,22.9803,0,2298.03,22.9803,0
1769828400000000,84082.1,84125.9,84082,84125.9,3485.52,1769828400000000,34.8552,0,3485.52,34.8552,0
1769840340000000,83944.5,83944.5,83933.6,83933.6,604.89,1769840340000000,6.0489,0,604.89,6.0489,0
1769840280000000,83944.1,83962.2,83944,83944.5,792.28,1769840280000000,7.9228,0,792.28,7.9228,0
1769840220000000,83944,83944.1,83944,83944,191.17,1769840220000000,1.9117,0,191.17,1.9117,0
1769840160000000,83943.9,83963.2,83943.9,83944,961.94,1769840160000000,9.6194,0,961.94,9.6194,0
1769840100000000,83944,83944,83943.9,83944,385.83,1769840100000000,3.8583,0,385.83,3.8583,0
1769840040000000,83936.9,83944,83936.8,83944,435.65,1769840040000000,4.3565,0,435.65,4.3565,0
1769839980000000,83953,83953,83936.8,83936.9,858.74,1769839980000000,8.5874,0,858.74,8.5874,0
1769839920000000,83952.9,83953,83952.9,83953,49.7,1769839920000000,0.497,0,49.7,0.497,0
1769839860000000,83926.3,83953,83926.3,83953,719.39,1769839860000000,7.1939,0,719.39,7.1939,0
1769839800000000,83953,83953,83926.3,83926.4,1104.19,1769839800000000,11.0419,0,1104.19,11.0419,0
1769839740000000,83953,83953,83952.9,83953,89.88,1769839740000000,0.8988,0,89.88,0.8988,0
1769839680000000,83929.1,83953,83929.1,83953,1216.11,1769839680000000,12.1611,0,1216.11,12.1611,0
1769839620000000,83931,83931,83929.1,83929.1,555.09,1769839620000000,5.5509,0,555.09,5.5509,0
1769839560000000,83870.6,83931,83870.6,83931,1796.41,1769839560000000,17.9641,0,1796.41,17.9641,0
1769839500000000,83919.4,83919.4,83868.6,83870.6,8074.19,1769839500000000,80.7419,0,8074.19,80.7419,0
1769839440000000,83953.8,83953.9,83919.3,83919.4,1182.16,1769839440000000,11.8216,0,1182.16,11.8216,0
1769839380000000,83987.8,84000,83953.9,83953.9,774.94,1769839380000000,7.7494,0,774.94,7.7494,0
1769839320000000,83965.6,83987.8,83965.6,83987.8,387.83,1769839320000000,3.8783,0,387.83,3.8783,0
1769839260000000,83949,83965.7,83948.9,83965.7,864.99,1769839260000000,8.6499,0,864.99,8.6499,0
1769839200000000,83957.3,83964.1,83945.4,83949,1223.13,1769839200000000,12.2313,0,1223.13,12.2313,0
1769839140000000,83945.4,83957.3,83945.3,83957.3,903.63,1769839140000000,9.0363,0,903.63,9.0363,0
1769839080000000,83953.6,83953.6,83945.3,83945.4,1251.7,1769839080000000,12.517,0,1251.7,12.517,0
1769839020000000,83970.1,83970.1,83953.5,83953.6,535.3,1769839020000000,5.353,0,535.3,5.353,0
1769838960000000,84009.3,84009.3,83970,83970.1,760.38,1769838960000000,7.6038,0,760.38,7.6038,0
1769838900000000,84000.6,84009.3,84000.6,84009.3,1443,1769838900000000,14.43,0,1443,14.43,0
1769838840000000,83974.7,84000.6,83974.6,84000.6,713.16,1769838840000000,7.1316,0,713.16,7.1316,0
1769838780000000,83974.7,83974.7,83974.6,83974.6,369.27,1769838780000000,3.6927,0,369.27,3.6927,0
1769838720000000,83966.1,83974.7,83966.1,83974.7,347.2,1769838720000000,3.472,0,347.2,3.472,0
1769838660000000,83961.7,83966.2,83961.7,83966.2,595.02,1769838660000000,5.9502,0,595.02,5.9502,0
1769838600000000,83952.3,83965.4,83951.4,83961.8,599.04,1769838600000000,5.9904,0,599.04,5.9904,0
1769838540000000,83951.5,83962.2,83951.4,83952.3,1197.95,1769838540000000,11.9795,0,1197.95,11.9795,0
1769838480000000,83968.7,83974.6,83951.4,83951.4,512.93,1769838480000000,5.1293,0,512.93,5.1293,0
1769838420000000,83951.4,83968.7,83951.3,83968.6,818.86,1769838420000000,8.1886,0,818.86,8.1886,0
1769838360000000,83943.5,83951.4,83943.5,83951.3,568,1769838360000000,5.68,0,568,5.68,0
1769838300000000,83964.6,83964.7,83934.5,83943.5,763.19,1769838300000000,7.6319,0,763.19,7.6319,0
1769838240000000,83984.1,83984.1,83964.6,83964.6,550.49,1769838240000000,5.5049,0,550.49,5.5049,0
1769838180000000,84010.5,84015.8,83984,83984,601.8,1769838180000000,6.018,0,601.8,6.018,0
1769838120000000,84028.5,84028.6,84010.5,84010.5,293.78,1769838120000000,2.9378,0,293.78,2.9378,0
1769838060000000,84011.2,84035.5,84011.2,84028.5,811.99,1769838060000000,8.1199,0,811.99,8.1199,0
1769838000000000,84038.9,84038.9,84008.5,84011.3,2280.47,1769838000000000,22.8047,0,2280.47,22.8047,0
1769837940000000,84025.9,84057.5,84025.9,84039,1343.87,1769837940000000,13.4387,0,1343.87,13.4387,0
1769837880000000,83991.6,84026,83991.6,84025.9,1125.93,1769837880000000,11.2593,0,1125.93,11.2593,0
1769837820000000,83980.5,83991.7,83968.8,83991.6,651.05,1769837820000000,6.5105,0,651.05,6.5105,0
1769837760000000,83959.1,83985.8,83959.1,83980.5,1313.24,1769837760000000,13.1324,0,1313.24,13.1324,0
1769837700000000,83997.5,83997.6,83956.2,83959.1,5125.27,1769837700000000,51.2527,0,5125.27,51.2527,0
1769837640000000,83973.1,84013.9,83973.1,83997.5,1183.87,1769837640000000,11.8387,0,1183.87,11.8387,0
1769837580000000,84009.5,84009.6,83973.1,83973.1,1013.29,1769837580000000,10.1329,0,1013.29,10.1329,0
1769837520000000,83993.2,84009.6,83993.1,84009.6,1957.4,1769837520000000,19.574,0,1957.4,19.574,0
1769837460000000,83957,83993.2,83957,83993.2,928.65,1769837460000000,9.2865,0,928.65,9.2865,0
1769837400000000,83950.6,83957.1,83950.5,83957,1193.25,1769837400000000,11.9325,0,1193.25,11.9325,0
1769837340000000,83915,83950.6,83908.8,83950.6,1496.22,1769837340000000,14.9622,0,1496.22,14.9622,0
1769837280000000,83952.3,83954.7,83915,83915,1080.2,1769837280000000,10.802,0,1080.2,10.802,0
1769837220000000,83920.8,83952.4,83920.8,83952.3,1067.95,1769837220000000,10.6795,0,1067.95,10.6795,0
1769837160000000,83920.9,83920.9,83902.6,83920.8,1219.55,1769837160000000,12.1955,0,1219.55,12.1955,0
1769837100000000,83933.8,83933.9,83906.9,83920.8,1303.65,1769837100000000,13.0365,0,1303.65,13.0365,0
1769837040000000,83884.4,83964.5,83884.3,83933.8,1910.13,1769837040000000,19.1013,0,1910.13,19.1013,0
1769836980000000,83924,83939.6,83862.3,83884.3,13556.75,1769836980000000,135.5675,0,13556.75,135.5675,0
1769836920000000,83949.5,83983.3,83923.8,83923.9,9229.02,1769836920000000,92.2902,0,9229.02,92.2902,0
1769836860000000,83954.3,83954.4,83949.5,83949.5,945.15,1769836860000000,9.4515,0,945.15,9.4515,0
1769836800000000,83981.5,83981.5,83954.3,83954.3,727.71,1769836800000000,7.2771,0,727.71,7.2771,0
1769836740000000,83970,83981.5,83969.9,83981.4,977.84,1769836740000000,9.7784,0,977.84,9.7784,0
1769836680000000,83949.6,83970,83949.5,83970,744.58,1769836680000000,7.4458,0,744.58,7.4458,0
1769836620000000,83949.5,83958.4,83949.4,83949.6,931.92,1769836620000000,9.3192,0,931.92,9.3192,0
1769836560000000,83965.1,83965.1,83945.1,83949.4,817.32,1769836560000000,8.1732,0,817.32,8.1732,0
1769836500000000,83987.9,83988,83955.1,83965.1,1067.04,1769836500000000,10.6704,0,1067.04,10.6704,0
1769836440000000,83970.2,83988,83970.1,83988,779.51,1769836440000000,7.7951,0,779.51,7.7951,0
1769836380000000,83934.1,83970.2,83934,83970.2,762.12,1769836380000000,7.6212,0,762.12,7.6212,0
1769836320000000,83922.1,83934.2,83922,83934.1,567.54,1769836320000000,5.6754,0,567.54,5.6754,0
1769836260000000,83907.6,83922.1,83907.5,83922.1,527.29,1769836260000000,5.2729,0,527.29,5.2729,0
1769836200000000,83878.5,83907.6,83878.5,83907.6,1025.28,1769836200000000,10.2528,0,1025.28,10.2528,0
1769836140000000,83898.2,83898.2,83872,83878.6,2235.06,1769836140000000,22.3506,0,2235.06,22.3506,0
1769836080000000,83907.8,83907.9,83871.1,83898.2,1378.92,1769836080000000,13.7892,0,1378.92,13.7892,0
1769836020000000,83907.8,83907.9,83907.8,83907.9,460.16,1769836020000000,4.6016,0,460.16,4.6016,0
1769835960000000,83890.1,83911.6,83880,83907.9,3109.6,1769835960000000,31.096,0,3109.6,31.096,0
1769835900000000,83922,83922,83885.7,83890.2,959.84,1769835900000000,9.5984,0,959.84,9.5984,0
1769835840000000,83932.9,83938.2,83921.9,83922,1581.99,1769835840000000,15.8199,0,1581.99,15.8199,0
1769835780000000,83901.7,83940.4,83881.7,83932.8,2070.69,1769835780000000,20.7069,0,2070.69,20.7069,0
1769835720000000,83917.5,83928.9,83901.6,83901.6,1648.07,1769835720000000,16.4807,0,1648.07,16.4807,0
1769835660000000,83974.6,83974.6,83917.4,83917.4,1138.35,1769835660000000,11.3835,0,1138.35,11.3835,0
1769835600000000,83962,83974.6,83961.9,83974.6,836.34,1769835600000000,8.3634,0,836.34,8.3634,0
1769835540000000,83950.1,83962,83950,83961.9,713.79,1769835540000000,7.1379,0,713.79,7.1379,0
1769835480000000,83960,83960.1,83944,83950.1,464.51,1769835480000000,4.6451,0,464.51,4.6451,0
1769835420000000,83961.5,83961.6,83960,83960.1,313.82,1769835420000000,3.1382,0,313.82,3.1382,0
1769835360000000,83965,83980.1,83961.5,83961.6,823.08,1769835360000000,8.2308,0,823.08,8.2308,0
1769835300000000,83917.8,83964.9,83917.7,83964.9,1185.63,1769835300000000,11.8563,0,1185.63,11.8563,0
1769835240000000,83924.1,83924.1,83900,83917.8,3172.26,1769835240000000,31.7226,0,3172.26,31.7226,0
1769835180000000,83928.2,83928.2,83908.4,83924.1,1891.65,1769835180000000,18.9165,0,1891.65,18.9165,0
1769835120000000,83954.7,83954.9,83928.1,83928.1,826.45,1769835120000000,8.2645,0,826.45,8.2645,0
1769835060000000,83944.1,83986.7,83944,83954.6,4026.99,1769835060000000,40.2699,0,4026.99,40.2699,0
1769835000000000,83958.7,83966.6,83943.8,83944.1,2197.11,1769835000000000,21.9711,0,2197.11,21.9711,0
1769834940000000,84000.1,84000.1,83958.6,83958.7,1629.08,1769834940000000,16.2908,0,1629.08,16.2908,0
1769834880000000,84002.3,84002.3,83990.6,84000.1,1516.3,1769834880000000,15.163,0,1516.3,15.163,0
1769834820000000,84017.6,84017.6,84001.2,84002.3,328.33,1769834820000000,3.2833,0,328.33,3.2833,0
1769834760000000,84012.1,84028.8,84012,84017.6,397.9,1769834760000000,3.979,0,397.9,3.979,0
1769834700000000,84022.3,84022.3,84008.1,84012.1,1113.56,1769834700000000,11.1356,0,1113.56,11.1356,0
1769834640000000,84065.1,84065.1,84022.2,84022.2,826.78,1769834640000000,8.2678,0,826.78,8.2678,0
1769834580000000,84065.1,84065.1,84065,84065.1,130.68,1769834580000000,1.3068,0,130.68,1.3068,0
1769834520000000,84038.5,84065.1,84038.4,84065,585.38,1769834520000000,5.8538,0,585.38,5.8538,0
1769834460000000,84050.3,84056.9,84038.4,84038.5,1297.63,1769834460000000,12.9763,0,1297.63,12.9763,0
1769834400000000,84065,84065.1,84050.2,84050.3,601.47,1769834400000000,6.0147,0,601.47,6.0147,0
1769846340000000,83513.9,83514,83503.1,83512.5,1666.98,1769846340000000,16.6698,0,1666.98,16.6698,0
1769846280000000,83517.8,83517.8,83505.3,83514,1970.98,1769846280000000,19.7098,0,1970.98,19.7098,0
1769846220000000,83492.6,83517.9,83473.5,83517.8,1616.14,1769846220000000,16.1614,0,1616.14,16.1614,0
1769846160000000,83524.1,83527,83492.6,83492.7,1695.92,1769846160000000,16.9592,0,1695.92,16.9592,0
1769846100000000,83512.2,83524.2,83512.2,83524.1,799.49,1769846100000000,7.9949,0,799.49,7.9949,0
1769846040000000,83505.5,83512.5,83505.5,83512.2,645.57,1769846040000000,6.4557,0,645.57,6.4557,0
1769845980000000,83507.4,83517,83496.6,83505.5,1226.41,1769845980000000,12.2641,0,1226.41,12.2641,0
1769845920000000,83494,83555.3,83494,83507.4,6421.93,1769845920000000,64.2193,0,6421.93,64.2193,0
1769845860000000,83470.3,83505,83470.3,83494,1493.22,1769845860000000,14.9322,0,1493.22,14.9322,0
1769845800000000,83483.2,83523.3,83470.3,83470.3,2205.91,1769845800000000,22.0591,0,2205.91,22.0591,0
1769845740000000,83521.6,83532.4,83475,83483.2,4138.28,1769845740000000,41.3828,0,4138.28,41.3828,0
1769845680000000,83514.9,83538.1,83504.1,83521.6,2656.37,1769845680000000,26.5637,0,2656.37,26.5637,0
1769845620000000,83456,83523.3,83456,83514.9,3275.8,1769845620000000,32.758,0,3275.8,32.758,0
1769845560000000,83488.1,83496.9,83440.2,83456.1,1890.34,1769845560000000,18.9034,0,1890.34,18.9034,0
1769845500000000,83439.6,83500,83439.6,83488.1,4465.69,1769845500000000,44.6569,0,4465.69,44.6569,0
1769845440000000,83428.1,83481.5,83428.1,83439.7,5946.01,1769845440000000,59.4601,0,5946.01,59.4601,0
1769845380000000,83415.2,83452.5,83412.2,83428.2,5421.97,1769845380000000,54.2197,0,5421.97,54.2197,0
1769845320000000,83366.4,83432.2,83360.4,83415.2,7232.64,1769845320000000,72.3264,0,7232.64,72.3264,0
1769845260000000,83379.3,83393,83366.3,83366.4,2709.39,1769845260000000,27.0939,0,2709.39,27.0939,0
1769845200000000,83425,83434.1,83360.3,83379.3,10236.34,1769845200000000,102.3634,0,10236.34,102.3634,0
1769845140000000,83413.3,83437.9,83360.7,83425,15922.12,1769845140000000,159.2212,0,15922.12,159.2212,0
1769845080000000,83451,83457.2,83403.1,83413.4,7881.45,1769845080000000,78.8145,0,7881.45,78.8145,0
1769845020000000,83516.2,83520.9,83451,83451,6511.89,1769845020000000,65.1189,0,6511.89,65.1189,0
1769844960000000,83516.6,83516.7,83508.1,83516.2,1877.38,1769844960000000,18.7738,0,1877.38,18.7738,0
1769844900000000,83506.5,83536.1,83506.4,83516.6,4103.7,1769844900000000,41.037,0,4103.7,41.037,0
1769844840000000,83549.9,83572.6,83491.9,83506.4,5427.43,1769844840000000,54.2743,0,5427.43,54.2743,0
1769844780000000,83530.1,83549.9,83444.7,83549.9,17342,1769844780000000,173.42,0,17342,173.42,0
1769844720000000,83560.1,83583.3,83519.1,83530.1,4116.77,1769844720000000,41.1677,0,4116.77,41.1677,0
1769844660000000,83541.9,83584.5,83513.1,83560.1,9668.46,1769844660000000,96.6846,0,9668.46,96.6846,0
1769844600000000,83651.5,83677.9,83523.6,83541.9,15692.81,1769844600000000,156.9281,0,15692.81,156.9281,0
1769844540000000,83665.1,83672.8,83651.5,83651.6,2263.4,1769844540000000,22.634,0,2263.4,22.634,0
1769844480000000,83700,83700.1,83665,83665,1705.35,1769844480000000,17.0535,0,1705.35,17.0535,0
1769844420000000,83738,83747.7,83700,83700,3631.54,1769844420000000,36.3154,0,3631.54,36.3154,0
1769844360000000,83720,83738,83710.4,83738,1941.44,1769844360000000,19.4144,0,1941.44,19.4144,0
1769844300000000,83711,83743.8,83701.9,83719.9,7796.61,1769844300000000,77.9661,0,7796.61,77.9661,0
1769844240000000,83690,83711,83683.5,83711,2532.43,1769844240000000,25.3243,0,2532.43,25.3243,0
1769844180000000,83679.3,83693.5,83679.2,83690,1077.35,1769844180000000,10.7735,0,1077.35,10.7735,0
1769844120000000,83654.8,83679.3,83654.8,83679.2,1913.74,1769844120000000,19.1374,0,1913.74,19.1374,0
1769844060000000,83649.9,83672,83649.9,83654.9,4889.1,1769844060000000,48.891,0,4889.1,48.891,0
1769844000000000,83636.1,83672,83636.1,83650,2403.71,1769844000000000,24.0371,0,2403.71,24.0371,0
1769843940000000,83666,83666.1,83636.1,83636.2,2423.32,1769843940000000,24.2332,0,2423.32,24.2332,0
1769843880000000,83679.1,83679.1,83666,83666.1,976.54,1769843880000000,9.7654,0,976.54,9.7654,0
1769843820000000,83679.2,83679.2,83679,83679,228.16,1769843820000000,2.2816,0,228.16,2.2816,0
1769843760000000,83695.9,83696,83679.1,83679.2,465.41,1769843760000000,4.6541,0,465.41,4.6541,0
1769843700000000,83713.5,83713.6,83691.8,83695.9,1346.44,1769843700000000,13.4644,0,1346.44,13.4644,0
1769843640000000,83722.4,83722.4,83713.5,83713.5,421.49,1769843640000000,4.2149,0,421.49,4.2149,0
1769843580000000,83692.2,83722.5,83692.1,83722.4,1686.79,1769843580000000,16.8679,0,1686.79,16.8679,0
1769843520000000,83698.4,83698.5,83690.2,83692.1,1018.53,1769843520000000,10.1853,0,1018.53,10.1853,0
1769843460000000,83692.3,83706.5,83692.3,83698.4,721.91,1769843460000000,7.2191,0,721.91,7.2191,0
1769843400000000,83666,83696.6,83665.9,83692.2,750.72,1769843400000000,7.5072,0,750.72,7.5072,0
1769843340000000,83666.6,83666.7,83652.1,83665.9,787.67,1769843340000000,7.8767,0,787.67,7.8767,0
1769843280000000,83666.6,83682.2,83666.6,83666.6,1490.04,1769843280000000,14.9004,0,1490.04,14.9004,0
1769843220000000,83656.6,83684,83656.6,83666.7,2916.05,1769843220000000,29.1605,0,2916.05,29.1605,0
1769843160000000,83753.9,83756.1,83653.2,83656.6,2674.63,1769843160000000,26.7463,0,2674.63,26.7463,0
1769843100000000,83726.5,83754,83726.5,83754,982.39,1769843100000000,9.8239,0,982.39,9.8239,0
1769843040000000,83706.6,83726.5,83703.7,83726.4,1248.68,1769843040000000,12.4868,0,1248.68,12.4868,0
1769842980000000,83718.6,83737,83706.6,83706.6,798,1769842980000000,7.98,0,798,7.98,0
1769842920000000,83750,83750.1,83718.6,83718.6,967.84,1769842920000000,9.6784,0,967.84,9.6784,0
1769842860000000,83758.6,83771.8,83750,83750,2760.41,1769842860000000,27.6041,0,2760.41,27.6041,0
1769842800000000,83744,83758.6,83744,83758.6,2172.65,1769842800000000,21.7265,0,2172.65,21.7265,0
1769842740000000,83742.4,83752.3,83739.7,83744.1,455.6,1769842740000000,4.556,0,455.6,4.556,0
1769842680000000,83715.5,83742.4,83715.4,83742.4,782.27,1769842680000000,7.8227,0,782.27,7.8227,0
1769842620000000,83717.8,83726,83715.4,83715.4,668.71,1769842620000000,6.6871,0,668.71,6.6871,0
1769842560000000,83747.3,83747.3,83717.7,83717.8,809.18,1769842560000000,8.0918,0,809.18,8.0918,0
1769842500000000,83754.2,83774.3,83744.9,83747.2,2426.25,1769842500000000,24.2625,0,2426.25,24.2625,0
1769842440000000,83744.9,83754.9,83744.9,83754.2,574.73,1769842440000000,5.7473,0,574.73,5.7473,0
1769842380000000,83743.8,83749.5,83727.6,83745,673.68,1769842380000000,6.7368,0,673.68,6.7368,0
1769842320000000,83741.2,83743.8,83720.9,83743.8,1052.9,1769842320000000,10.529,0,1052.9,10.529,0
1769842260000000,83708.2,83754.6,83708.1,83741.2,1129.4,1769842260000000,11.294,0,1129.4,11.294,0
1769842200000000,83650,83708.2,83650,83708.2,1292.85,1769842200000000,12.9285,0,1292.85,12.9285,0
1769842140000000,83721,83721,83650,83650.1,1293.49,1769842140000000,12.9349,0,1293.49,12.9349,0
1769842080000000,83778.3,83778.4,83720.9,83720.9,1562.39,1769842080000000,15.6239,0,1562.39,15.6239,0
1769842020000000,83783,83812.7,83770.6,83778.4,2321.34,1769842020000000,23.2134,0,2321.34,23.2134,0
1769841960000000,83779.7,83783,83753.7,83782.9,940.45,1769841960000000,9.4045,0,940.45,9.4045,0
1769841900000000,83732.3,83779.7,83732.3,83779.7,1995.96,1769841900000000,19.9596,0,1995.96,19.9596,0
1769841840000000,83699.4,83732.3,83699.3,83732.3,1249.73,1769841840000000,12.4973,0,1249.73,12.4973,0
1769841780000000,83708.5,83708.6,83685,83699.4,1521.98,1769841780000000,15.2198,0,1521.98,15.2198,0
1769841720000000,83699.9,83722.4,83699.9,83708.6,865.62,1769841720000000,8.6562,0,865.62,8.6562,0
1769841660000000,83648.2,83699.9,83648.2,83699.9,3393.6,1769841660000000,33.936,0,3393.6,33.936,0
1769841600000000,83678.8,83688,83633.9,83648.3,2820.59,1769841600000000,28.2059,0,2820.59,28.2059,0
1769841540000000,83680.1,83693.4,83678.7,83678.8,1509.39,1769841540000000,15.0939,0,1509.39,15.0939,0
1769841480000000,83715.9,83715.9,83680,83680.1,1217.13,1769841480000000,12.1713,0,1217.13,12.1713,0
1769841420000000,83724.5,83732,83715.8,83715.9,697.71,1769841420000000,6.9771,0,697.71,6.9771,0
1769841360000000,83696.2,83724.5,83689,83724.5,2483.75,1769841360000000,24.8375,0,2483.75,24.8375,0
1769841300000000,83678.7,83696.3,83678.7,83696.3,1809.04,1769841300000000,18.0904,0,1809.04,18.0904,0
1769841240000000,83705.6,83707,83678.7,83678.8,1431.69,1769841240000000,14.3169,0,1431.69,14.3169,0
1769841180000000,83670,83705.6,83669.9,83705.6,2000.14,1769841180000000,20.0014,0,2000.14,20.0014,0
1769841120000000,83657,83670,83642.1,83669.9,2474.57,1769841120000000,24.7457,0,2474.57,24.7457,0
1769841060000000,83709.7,83709.7,83657,83657.1,3706.77,1769841060000000,37.0677,0,3706.77,37.0677,0
1769841000000000,83619.6,83739.4,83619.5,83709.6,7600.21,1769841000000000,76.0021,0,7600.21,76.0021,0
1769840940000000,83637.1,83637.1,83603,83619.6,8730.11,1769840940000000,87.3011,0,8730.11,87.3011,0
1769840880000000,83622.9,83662.4,83619.5,83637,7398.99,1769840880000000,73.9899,0,7398.99,73.9899,0
1769840820000000,83680.1,83680.2,83603.5,83623,15946.79,1769840820000000,159.4679,0,15946.79,159.4679,0
1769840760000000,83743.6,83747.3,83641.4,83680.2,14831.82,1769840760000000,148.3182,0,14831.82,148.3182,0
1769840700000000,83858.3,83858.3,83724.8,83743.6,10670.47,1769840700000000,106.7047,0,10670.47,106.7047,0
1769840640000000,83894,83894,83858.2,83858.2,1816.24,1769840640000000,18.1624,0,1816.24,18.1624,0
1769840580000000,83888.8,83896.2,83875,83894,1558.37,1769840580000000,15.5837,0,1558.37,15.5837,0
1769840520000000,83920.2,83928.1,83887.4,83888.8,1896.57,1769840520000000,18.9657,0,1896.57,18.9657,0
1769840460000000,83933.6,83933.7,83902.9,83920.1,1798.89,1769840460000000,17.9889,0,1798.89,17.9889,0
1769840400000000,83933.7,83933.7,83933.6,83933.6,182.98,1769840400000000,1.8298,0,182.98,1.8298,0
1769852340000000,83162.7,83200,83162.7,83167.9,2276.31,1769852340000000,22.7631,0,2276.31,22.7631,0
1769852280000000,83150.6,83200,83138.3,83162.7,5266.41,1769852280000000,52.6641,0,5266.41,52.6641,0
1769852220000000,83219,83219.1,83132.8,83150.6,3970.72,1769852220000000,39.7072,0,3970.72,39.7072,0
1769852160000000,83266.2,83266.3,83200.1,83219,4570.98,1769852160000000,45.7098,0,4570.98,45.7098,0
1769852100000000,83208,83266.3,83195.6,83266.3,6059.78,1769852100000000,60.5978,0,6059.78,60.5978,0
1769852040000000,83185.7,83266.3,83185,83208.1,15088.79,1769852040000000,150.8879,0,15088.79,150.8879,0
1769851980000000,83176.7,83190,83148.2,83185.7,6506.97,1769851980000000,65.0697,0,6506.97,65.0697,0
1769851920000000,83110.1,83181.3,83110,83176.8,4797.64,1769851920000000,47.9764,0,4797.64,47.9764,0
1769851860000000,83035.2,83158.5,83035.1,83110.1,6723.29,1769851860000000,67.2329,0,6723.29,67.2329,0
1769851800000000,82989.5,83045,82989.5,83034.3,4227.03,1769851800000000,42.2703,0,4227.03,42.2703,0
1769851740000000,82938.5,83005.5,82938.5,82989.5,4923.52,1769851740000000,49.2352,0,4923.52,49.2352,0
1769851680000000,82918.1,82944.3,82918,82938.4,3045.21,1769851680000000,30.4521,0,3045.21,30.4521,0
1769851620000000,82902.2,82926.6,82902.2,82918.1,3798.31,1769851620000000,37.9831,0,3798.31,37.9831,0
1769851560000000,82907.4,82907.5,82850.5,82902.3,4410.71,1769851560000000,44.1071,0,4410.71,44.1071,0
1769851500000000,82872,82907.5,82857.9,82907.5,6867.3,1769851500000000,68.673,0,6867.3,68.673,0
1769851440000000,82936.8,82936.9,82863.7,82872.1,12157.99,1769851440000000,121.5799,0,12157.99,121.5799,0
1769851380000000,82974.1,82979.9,82911.9,82936.8,8177.83,1769851380000000,81.7783,0,8177.83,81.7783,0
1769851320000000,83004.3,83004.4,82952.5,82974,5666.46,1769851320000000,56.6646,0,5666.46,56.6646,0
1769851260000000,83030.4,83034.6,82973.2,83004.4,8274.71,1769851260000000,82.7471,0,8274.71,82.7471,0
1769851200000000,83050,83092.7,83030.4,83030.4,4731.26,1769851200000000,47.3126,0,4731.26,47.3126,0
1769851140000000,83118.1,83118.2,83046.9,83050,2075.27,1769851140000000,20.7527,0,2075.27,20.7527,0
1769851080000000,83129.3,83147.7,83107.7,83118.2,3537.58,1769851080000000,35.3758,0,3537.58,35.3758,0
1769851020000000,83091.7,83143.7,83091.7,83129.3,2924.81,1769851020000000,29.2481,0,2924.81,29.2481,0
1769850960000000,83107.5,83130.7,83045.2,83091.8,4527.43,1769850960000000,45.2743,0,4527.43,45.2743,0
1769850900000000,83105.5,83133.6,83072.9,83107.5,2561.07,1769850900000000,25.6107,0,2561.07,25.6107,0
1769850840000000,83162.9,83166.7,83101.7,83105.6,3511.55,1769850840000000,35.1155,0,3511.55,35.1155,0
1769850780000000,83150.6,83169.6,83147.1,83163,2810.71,1769850780000000,28.1071,0,2810.71,28.1071,0
1769850720000000,83134.9,83155.8,83125,83150.7,4380.53,1769850720000000,43.8053,0,4380.53,43.8053,0
1769850660000000,83160.4,83188,83122.2,83135,5125.48,1769850660000000,51.2548,0,5125.48,51.2548,0
1769850600000000,83106.6,83170,83106.6,83160.4,2767.6,1769850600000000,27.676,0,2767.6,27.676,0
1769850540000000,83109.9,83148.2,83088.6,83106.7,3830.58,1769850540000000,38.3058,0,3830.58,38.3058,0
1769850480000000,83096.9,83145.6,83080.9,83109.9,5440.37,1769850480000000,54.4037,0,5440.37,54.4037,0
1769850420000000,83043.7,83105.8,83034.1,83097,8666.68,1769850420000000,86.6668,0,8666.68,86.6668,0
1769850360000000,83233.8,83241.6,83041.4,83043.6,16586.97,1769850360000000,165.8697,0,16586.97,165.8697,0
1769850300000000,83136.2,83249.4,83136.2,83233.9,11788.47,1769850300000000,117.8847,0,11788.47,117.8847,0
1769850240000000,83185.7,83255,83136.2,83136.2,9330.18,1769850240000000,93.3018,0,9330.18,93.3018,0
1769850180000000,83125.1,83210,83125.1,83185.7,22988.96,1769850180000000,229.8896,0,22988.96,229.8896,0
1769850120000000,83071.7,83125.1,83063.2,83125.1,7253.71,1769850120000000,72.5371,0,7253.71,72.5371,0
1769850060000000,83100,83100,83040,83071.7,3166.45,1769850060000000,31.6645,0,3166.45,31.6645,0
1769850000000000,83025,83100,83024.9,83099.9,10970.58,1769850000000000,109.7058,0,10970.58,109.7058,0
1769849940000000,83063,83095.9,83023.4,83025,15488.1,1769849940000000,154.881,0,15488.1,154.881,0
1769849880000000,83135.5,83150,83055.2,83063,10859.25,1769849880000000,108.5925,0,10859.25,108.5925,0
1769849820000000,83142.8,83186.7,83111.3,83135.6,8311.51,1769849820000000,83.1151,0,8311.51,83.1151,0
1769849760000000,83090.8,83142.9,83073.4,83142.9,10835.53,1769849760000000,108.3553,0,10835.53,108.3553,0
1769849700000000,83008.3,83091,83008.2,83090.9,9070.62,1769849700000000,90.7062,0,9070.62,90.7062,0
1769849640000000,83016.2,83082.9,82979.2,83008.2,8795.98,1769849640000000,87.9598,0,8795.98,87.9598,0
1769849580000000,82937.9,83036.5,82937.8,83016.2,13178.67,1769849580000000,131.7867,0,13178.67,131.7867,0
1769849520000000,82952.3,82955.8,82910,82937.8,6430.37,1769849520000000,64.3037,0,6430.37,64.3037,0
1769849460000000,82826.3,82957,82826.2,82952.4,10642.35,1769849460000000,106.4235,0,10642.35,106.4235,0
1769849400000000,82792.4,82840.9,82789.5,82826.2,7368.98,1769849400000000,73.6898,0,7368.98,73.6898,0
1769849340000000,82770.8,82840.9,82763.8,82792.5,8457.47,1769849340000000,84.5747,0,8457.47,84.5747,0
1769849280000000,82736,82778.4,82707,82770.8,5317.33,1769849280000000,53.1733,0,5317.33,53.1733,0
1769849220000000,82805.5,82832.4,82674.4,82736,8239.08,1769849220000000,82.3908,0,8239.08,82.3908,0
1769849160000000,82758.5,82843.7,82758.4,82805.4,13156.93,1769849160000000,131.5693,0,13156.93,131.5693,0
1769849100000000,82760,82818.6,82680,82758.5,12961.33,1769849100000000,129.6133,0,12961.33,129.6133,0
1769849040000000,82690.3,82766.1,82670.1,82760,13177.04,1769849040000000,131.7704,0,13177.04,131.7704,0
1769848980000000,82639.2,82700,82536.7,82690.3,24722.62,1769848980000000,247.2262,0,24722.62,247.2262,0
1769848920000000,82769,82792.1,82639.1,82639.1,15803.23,1769848920000000,158.0323,0,15803.23,158.0323,0
1769848860000000,82680,82838.2,82666.8,82768.9,16379.19,1769848860000000,163.7919,0,16379.19,163.7919,0
1769848800000000,82880,82908.1,82674.4,82680.1,29621.19,1769848800000000,296.2119,0,29621.19,296.2119,0
1769848740000000,82982.5,82982.6,82880.1,82880.1,11557.53,1769848740000000,115.5753,0,11557.53,115.5753,0
1769848680000000,82947,83014.3,82941.5,82982.5,17454.65,1769848680000000,174.5465,0,17454.65,174.5465,0
1769848620000000,82789.1,82979.2,82695.2,82947,34340.86,1769848620000000,343.4086,0,34340.86,343.4086,0
1769848560000000,82823.3,82839.9,82754.2,82789.1,20569.96,1769848560000000,205.6996,0,20569.96,205.6996,0
1769848500000000,82924.9,82924.9,82807.8,82823.3,12733.1,1769848500000000,127.331,0,12733.1,127.331,0
1769848440000000,82918.5,82936,82832.5,82924.9,21388.65,1769848440000000,213.8865,0,21388.65,213.8865,0
1769848380000000,82989.4,82989.4,82888.1,82918.5,20001.2,1769848380000000,200.012,0,20001.2,200.012,0
1769848320000000,82965.5,83027.7,82959,82989.4,12100.89,1769848320000000,121.0089,0,12100.89,121.0089,0
1769848260000000,83032,83040.4,82963.1,82965.5,19489.49,1769848260000000,194.8949,0,19489.49,194.8949,0
1769848200000000,83065,83078.3,83030.6,83031.9,4146.06,1769848200000000,41.4606,0,4146.06,41.4606,0
1769848140000000,83040,83093.5,83039.9,83065.1,4442.51,1769848140000000,44.4251,0,4442.51,44.4251,0
1769848080000000,83088.1,83088.1,83028,83040,8073.56,1769848080000000,80.7356,0,8073.56,80.7356,0
1769848020000000,83139.9,83140,83088,83088,7173.63,1769848020000000,71.7363,0,7173.63,71.7363,0
1769847960000000,83162.1,83186.3,83112,83139.9,8376.69,1769847960000000,83.7669,0,8376.69,83.7669,0
1769847900000000,83187.9,83219.9,83162,83162.1,5116.41,1769847900000000,51.1641,0,5116.41,51.1641,0
1769847840000000,83200,83200,83168.7,83188,1824.13,1769847840000000,18.2413,0,1824.13,18.2413,0
1769847780000000,83197.5,83199.9,83176.5,83199.9,2056.66,1769847780000000,20.5666,0,2056.66,20.5666,0
1769847720000000,83242.1,83247.9,83185.3,83197.6,2511.36,1769847720000000,25.1136,0,2511.36,25.1136,0
1769847660000000,83229.2,83266.5,83224.1,83242.1,3110.12,1769847660000000,31.1012,0,3110.12,31.1012,0
1769847600000000,83220.6,83240.5,83203.7,83229.2,7118.76,1769847600000000,71.1876,0,7118.76,71.1876,0
1769847540000000,83201.9,83245.1,83201.8,83220.7,3024.65,1769847540000000,30.2465,0,3024.65,30.2465,0
1769847480000000,83149.9,83217.4,83141.2,83201.8,7619.2,1769847480000000,76.192,0,7619.2,76.192,0
1769847420000000,83152.6,83164.3,83031,83150,27178.85,1769847420000000,271.7885,0,27178.85,271.7885,0
1769847360000000,83184.5,83226,83141.5,83152.6,5682.29,1769847360000000,56.8229,0,5682.29,56.8229,0
1769847300000000,83323,83331.8,83150.4,83184.6,12543.37,1769847300000000,125.4337,0,12543.37,125.4337,0
1769847240000000,83166.1,83323,83166,83323,4739.4,1769847240000000,47.394,0,4739.4,47.394,0
1769847180000000,83173,83300,83166,83166.1,24631.22,1769847180000000,246.3122,0,24631.22,246.3122,0
1769847120000000,83297.6,83363.2,83139,83172.9,29841.11,1769847120000000,298.4111,0,29841.11,298.4111,0
1769847060000000,83401.7,83401.8,83254.6,83297.7,45973.25,1769847060000000,459.7325,0,45973.25,459.7325,0
1769847000000000,83429.9,83430,83374.1,83401.8,4946.52,1769847000000000,49.4652,0,4946.52,49.4652,0
1769846940000000,83432.1,83449.9,83423.1,83429.9,2519.11,1769846940000000,25.1911,0,2519.11,25.1911,0
1769846880000000,83456,83463.5,83432.1,83432.2,2197.93,1769846880000000,21.9793,0,2197.93,21.9793,0
1769846820000000,83526,83526,83456,83456,1282.16,1769846820000000,12.8216,0,1282.16,12.8216,0
1769846760000000,83500.7,83534,83500.7,83525.9,3528.58,1769846760000000,35.2858,0,3528.58,35.2858,0
1769846700000000,83459.8,83503.9,83459.7,83500.7,2129.76,1769846700000000,21.2976,0,2129.76,21.2976,0
1769846640000000,83520.3,83520.3,83458.4,83459.7,1999.84,1769846640000000,19.9984,0,1999.84,19.9984,0
1769846580000000,83550.5,83550.6,83520.2,83520.2,770.4,1769846580000000,7.704,0,770.4,7.704,0
1769846520000000,83570.4,83600,83537.6,83550.6,3398.33,1769846520000000,33.9833,0,3398.33,33.9833,0
1769846460000000,83524,83570.5,83524,83570.4,4612.1,1769846460000000,46.121,0,4612.1,46.121,0
1769846400000000,83512.5,83529,83510.9,83524,4783,1769846400000000,47.83,0,4783,47.83,0
1769858340000000,82980.5,83030,82975.5,83007.5,1761.4,1769858340000000,17.614,0,1761.4,17.614,0
1769858280000000,82958.3,83000,82958.2,82980.5,847.84,1769858280000000,8.4784,0,847.84,8.4784,0
1769858220000000,83017.5,83017.5,82958.2,82958.2,942.67,1769858220000000,9.4267,0,942.67,9.4267,0
1769858160000000,83000,83047.6,82999.9,83017.5,1542.51,1769858160000000,15.4251,0,1542.51,15.4251,0
1769858100000000,82980.1,83000,82971.9,82999.9,768.45,1769858100000000,7.6845,0,768.45,7.6845,0
1769858040000000,82969.9,82980.1,82950,82980,1268.62,1769858040000000,12.6862,0,1268.62,12.6862,0
1769857980000000,83001.3,83001.3,82963.7,82970,2326.76,1769857980000000,23.2676,0,2326.76,23.2676,0
1769857920000000,83021.1,83036.7,83001.2,83001.2,980.01,1769857920000000,9.8001,0,980.01,9.8001,0
1769857860000000,83014.2,83021.1,82989.8,83021,1859.32,1769857860000000,18.5932,0,1859.32,18.5932,0
1769857800000000,83047.6,83047.6,82983.1,83014.2,3726.14,1769857800000000,37.2614,0,3726.14,37.2614,0
1769857740000000,83016.2,83047.8,83003.9,83047.6,2425.5,1769857740000000,24.255,0,2425.5,24.255,0
1769857680000000,83037.3,83037.3,83005.1,83016.2,2366.06,1769857680000000,23.6606,0,2366.06,23.6606,0
1769857620000000,83039.5,83039.5,83020.3,83037.3,4539.88,1769857620000000,45.3988,0,4539.88,45.3988,0
1769857560000000,83001.8,83039.5,82999.1,83039.4,1455.05,1769857560000000,14.5505,0,1455.05,14.5505,0
1769857500000000,83008.2,83032.9,82985.1,83001.8,3411.23,1769857500000000,34.1123,0,3411.23,34.1123,0
1769857440000000,83023.8,83038.8,83001.3,83008.2,2286.33,1769857440000000,22.8633,0,2286.33,22.8633,0
1769857380000000,83013.3,83042.4,83004.5,83023.8,1761.89,1769857380000000,17.6189,0,1761.89,17.6189,0
1769857320000000,83063.1,83075.1,83000,83013.3,2229.43,1769857320000000,22.2943,0,2229.43,22.2943,0
1769857260000000,83046.5,83085.9,83046.4,83063,2309.25,1769857260000000,23.0925,0,2309.25,23.0925,0
1769857200000000,83124.4,83125.9,83037.6,83046.5,3503.9,1769857200000000,35.039,0,3503.9,35.039,0
1769857140000000,83097,83124.5,83078,83124.4,2886.62,1769857140000000,28.8662,0,2886.62,28.8662,0
1769857080000000,83130.5,83134.2,83097,83097,2804.65,1769857080000000,28.0465,0,2804.65,28.0465,0
1769857020000000,83124.6,83143.9,83124.5,83130.4,3842.56,1769857020000000,38.4256,0,3842.56,38.4256,0
1769856960000000,83149.9,83155.7,83109.1,83124.5,2789.9,1769856960000000,27.899,0,2789.9,27.899,0
1769856900000000,83132.1,83158,83132,83149.8,3255.44,1769856900000000,32.5544,0,3255.44,32.5544,0
1769856840000000,83086.3,83139.9,83080.5,83132.1,4451.64,1769856840000000,44.5164,0,4451.64,44.5164,0
1769856780000000,83069.1,83086.4,83059.2,83086.3,1045.65,1769856780000000,10.4565,0,1045.65,10.4565,0
1769856720000000,83019.9,83069.2,83019.9,83069.1,1218.11,1769856720000000,12.1811,0,1218.11,12.1811,0
1769856660000000,83099.9,83099.9,83019.9,83019.9,6869.81,1769856660000000,68.6981,0,6869.81,68.6981,0
1769856600000000,83079.6,83100,83067.7,83099.9,6622.07,1769856600000000,66.2207,0,6622.07,66.2207,0
1769856540000000,83069.6,83089.6,83069.5,83079.6,3164.77,1769856540000000,31.6477,0,3164.77,31.6477,0
1769856480000000,83090.8,83090.9,83062.5,83069.6,2659.68,1769856480000000,26.5968,0,2659.68,26.5968,0
1769856420000000,83106.4,83129.5,83090.8,83090.8,1104.27,1769856420000000,11.0427,0,1104.27,11.0427,0
1769856360000000,83096,83106.4,83088.1,83106.3,1492.53,1769856360000000,14.9253,0,1492.53,14.9253,0
1769856300000000,83139.9,83140,83096,83096,3402.49,1769856300000000,34.0249,0,3402.49,34.0249,0
1769856240000000,83126.5,83140,83126.1,83140,2744.38,1769856240000000,27.4438,0,2744.38,27.4438,0
1769856180000000,83113.9,83134.8,83088.9,83126.5,2942.33,1769856180000000,29.4233,0,2942.33,29.4233,0
1769856120000000,83107.7,83140,83107.7,83113.8,3011.13,1769856120000000,30.1113,0,3011.13,30.1113,0
1769856060000000,83061.8,83107.8,83061.8,83107.7,1866.99,1769856060000000,18.6699,0,1866.99,18.6699,0
1769856000000000,83067.2,83079.4,83061.8,83061.8,1598.57,1769856000000000,15.9857,0,1598.57,15.9857,0
1769855940000000,83037.9,83075.7,83035.5,83067.1,1864.1,1769855940000000,18.641,0,1864.1,18.641,0
1769855880000000,83093.4,83093.4,83037.8,83037.8,1901.71,1769855880000000,19.0171,0,1901.71,19.0171,0
1769855820000000,83090.4,83093.4,83054.8,83093.3,1846.96,1769855820000000,18.4696,0,1846.96,18.4696,0
1769855760000000,83029,83090.4,83029,83090.4,1940.77,1769855760000000,19.4077,0,1940.77,19.4077,0
1769855700000000,83061,83080.9,83029,83029,1093.29,1769855700000000,10.9329,0,1093.29,10.9329,0
1769855640000000,83127.9,83127.9,83061,83061,2349.28,1769855640000000,23.4928,0,2349.28,23.4928,0
1769855580000000,83158.2,83161.6,83127.9,83127.9,2293,1769855580000000,22.93,0,2293,22.93,0
1769855520000000,83119.2,83166,83110.4,83158.2,3311.52,1769855520000000,33.1152,0,3311.52,33.1152,0
1769855460000000,83047,83132.5,83034,83119.2,8598.29,1769855460000000,85.9829,0,8598.29,85.9829,0
1769855400000000,83020.2,83066.2,83000,83047,4174.89,1769855400000000,41.7489,0,4174.89,41.7489,0
1769855340000000,83015.4,83043.7,83015.4,83020.1,1587.37,1769855340000000,15.8737,0,1587.37,15.8737,0
1769855280000000,83024.4,83036.3,83015.4,83015.4,3031.3,1769855280000000,30.313,0,3031.3,30.313,0
1769855220000000,83012.1,83039.9,83010,83024.3,3606.17,1769855220000000,36.0617,0,3606.17,36.0617,0
1769855160000000,83046.7,83049.9,83012,83012,2742.27,1769855160000000,27.4227,0,2742.27,27.4227,0
1769855100000000,82955.4,83046.7,82955.4,83046.7,1937.99,1769855100000000,19.3799,0,1937.99,19.3799,0
1769855040000000,82988.1,82988.1,82951.2,82955.4,1537.82,1769855040000000,15.3782,0,1537.82,15.3782,0
1769854980000000,82967.6,83036.1,82967.6,82988,4654.91,1769854980000000,46.5491,0,4654.91,46.5491,0
1769854920000000,82982.2,82982.2,82967.5,82967.5,342.7,1769854920000000,3.427,0,342.7,3.427,0
1769854860000000,82949.9,83000,82949.8,82982.1,2946.86,1769854860000000,29.4686,0,2946.86,29.4686,0
1769854800000000,82907.9,82964.3,82907.8,82949.8,2578.5,1769854800000000,25.785,0,2578.5,25.785,0
1769854740000000,82890,82946.5,82880,82907.8,5683.04,1769854740000000,56.8304,0,5683.04,56.8304,0
1769854680000000,82970.8,82977,82880,82890,4792.53,1769854680000000,47.9253,0,4792.53,47.9253,0
1769854620000000,82956.7,82970.9,82889.4,82970.8,7703.93,1769854620000000,77.0393,0,7703.93,77.0393,0
1769854560000000,82976.9,82977,82950.6,82956.8,2447,1769854560000000,24.47,0,2447,24.47,0
1769854500000000,82959.8,82977,82959.8,82977,3570.7,1769854500000000,35.707,0,3570.7,35.707,0
1769854440000000,82971.3,82983.8,82959.8,82959.8,2308.65,1769854440000000,23.0865,0,2308.65,23.0865,0
1769854380000000,82992.2,82999.9,82971.3,82971.3,1527.18,1769854380000000,15.2718,0,1527.18,15.2718,0
1769854320000000,83034.9,83035,82963.9,82992.1,3772.35,1769854320000000,37.7235,0,3772.35,37.7235,0
1769854260000000,82991.8,83035,82982.8,83034.9,3056.3,1769854260000000,30.563,0,3056.3,30.563,0
1769854200000000,82950.2,82995.1,82950.1,82991.8,3356.86,1769854200000000,33.5686,0,3356.86,33.5686,0
1769854140000000,82952.6,82960.8,82921.5,82950.1,2946.03,1769854140000000,29.4603,0,2946.03,29.4603,0
1769854080000000,83010,83010,82937.5,82952.5,10482.15,1769854080000000,104.8215,0,10482.15,104.8215,0
1769854020000000,83071.5,83071.5,83010,83010,2438.93,1769854020000000,24.3893,0,2438.93,24.3893,0
1769853960000000,83066.2,83076.1,83049.4,83071.5,1421.8,1769853960000000,14.218,0,1421.8,14.218,0
1769853900000000,83049.9,83090.1,83049.9,83066.2,2357.72,1769853900000000,23.5772,0,2357.72,23.5772,0
1769853840000000,83074.3,83074.4,83015,83049.9,4047.57,1769853840000000,40.4757,0,4047.57,40.4757,0
1769853780000000,83097.2,83104.3,83074.3,83074.3,2214.39,1769853780000000,22.1439,0,2214.39,22.1439,0
1769853720000000,83092.9,83104.3,83075.8,83097.2,2420.57,1769853720000000,24.2057,0,2420.57,24.2057,0
1769853660000000,83113.8,83141.7,83092.9,83092.9,1607.02,1769853660000000,16.0702,0,1607.02,16.0702,0
1769853600000000,83077.5,83113.8,83063.1,83113.7,3411.05,1769853600000000,34.1105,0,3411.05,34.1105,0
1769853540000000,83088.1,83088.2,83051,83077.4,3398.6,1769853540000000,33.986,0,3398.6,33.986,0
1769853480000000,83134,83138.4,83088.1,83088.1,1276.79,1769853480000000,12.7679,0,1276.79,12.7679,0
1769853420000000,83127.5,83147.3,83119.6,83134,2521.22,1769853420000000,25.2122,0,2521.22,25.2122,0
1769853360000000,83148.1,83148.1,83127.4,83127.4,1650.13,1769853360000000,16.5013,0,1650.13,16.5013,0
1769853300000000,83117.3,83148.1,83117.2,83148.1,1286.79,1769853300000000,12.8679,0,1286.79,12.8679,0
1769853240000000,83066.6,83117.3,83051,83117.2,2534.65,1769853240000000,25.3465,0,2534.65,25.3465,0
1769853180000000,83076.1,83113.8,83066.6,83066.7,3301.35,1769853180000000,33.0135,0,3301.35,33.0135,0
1769853120000000,83097,83097,83060.3,83076.1,1591.33,1769853120000000,15.9133,0,1591.33,15.9133,0
1769853060000000,83101.1,83109.3,83085.3,83097,2006.54,1769853060000000,20.0654,0,2006.54,20.0654,0
1769853000000000,83093,83183.3,83086.1,83101.1,12485.58,1769853000000000,124.8558,0,12485.58,124.8558,0
1769852940000000,83102.8,83102.8,83068.1,83093,2428.62,1769852940000000,24.2862,0,2428.62,24.2862,0
1769852880000000,83107.7,83132.6,83092.1,83102.7,2949.47,1769852880000000,29.4947,0,2949.47,29.4947,0
1769852820000000,83166.9,83167,83093.6,83107.7,3676.93,1769852820000000,36.7693,0,3676.93,36.7693,0
1769852760000000,83150.3,83179,83150.2,83166.9,3356.8,1769852760000000,33.568,0,3356.8,33.568,0
1769852700000000,83181.7,83197.9,83145.7,83150.2,3231.89,1769852700000000,32.3189,0,3231.89,32.3189,0
1769852640000000,83192.1,83202.8,83167.9,83181.8,3528.1,1769852640000000,35.281,0,3528.1,35.281,0
1769852580000000,83213.3,83236.1,83192,83192,4333.71,1769852580000000,43.3371,0,4333.71,43.3371,0
1769852520000000,83199.9,83226.5,83180,83213.2,3187.17,1769852520000000,31.8717,0,3187.17,31.8717,0
1769852460000000,83202.4,83209,83194.5,83199.9,2105.99,1769852460000000,21.0599,0,2105.99,21.0599,0
1769852400000000,83167.9,83202.6,83167.8,83202.3,1517.88,1769852400000000,15.1788,0,1517.88,15.1788,0
1769864340000000,82733.5,82760,82700,82737.4,3236.81,1769864340000000,32.3681,0,3236.81,32.3681,0
1769864280000000,82751.9,82763,82715.7,82733.6,5070.93,1769864280000000,50.7093,0,5070.93,50.7093,0
1769864220000000,82818.5,82824.2,82750,82751.9,3314.15,1769864220000000,33.1415,0,3314.15,33.1415,0
1769864160000000,82765.6,82837.4,82760,82818.4,5419.96,1769864160000000,54.1996,0,5419.96,54.1996,0
1769864100000000,82774.9,82807.9,82760,82765.6,5616.51,1769864100000000,56.1651,0,5616.51,56.1651,0
1769864040000000,82759.7,82780.6,82746.5,82774.9,3016.75,1769864040000000,30.1675,0,3016.75,30.1675,0
1769863980000000,82699.6,82759.6,82699.6,82759.6,1812.46,1769863980000000,18.1246,0,1812.46,18.1246,0
1769863920000000,82740,82763.8,82672.4,82699.7,15911.7,1769863920000000,159.117,0,15911.7,159.117,0
1769863860000000,82735.5,82763.9,82730.6,82740,2101.76,1769863860000000,21.0176,0,2101.76,21.0176,0
1769863800000000,82785.5,82785.6,82701,82735.5,6357.67,1769863800000000,63.5767,0,6357.67,63.5767,0
1769863740000000,82767.1,82788.2,82760.7,82785.6,3315.39,1769863740000000,33.1539,0,3315.39,33.1539,0
1769863680000000,82862,82862,82761,82767.2,6262.3,1769863680000000,62.623,0,6262.3,62.623,0
1769863620000000,82895.4,82895.5,82844.4,82862,2152.12,1769863620000000,21.5212,0,2152.12,21.5212,0
1769863560000000,82904.5,82920,82890.7,82895.4,1948.33,1769863560000000,19.4833,0,1948.33,19.4833,0
1769863500000000,82888.3,82918,82888.2,82904.5,668.7,1769863500000000,6.687,0,668.7,6.687,0
1769863440000000,82898.6,82901.9,82871.3,82888.3,549.76,1769863440000000,5.4976,0,549.76,5.4976,0
1769863380000000,82897.9,82913.3,82878.9,82898.6,1364.95,1769863380000000,13.6495,0,1364.95,13.6495,0
1769863320000000,82934.6,82934.6,82889.6,82897.9,1703.72,1769863320000000,17.0372,0,1703.72,17.0372,0
1769863260000000,82918.4,82934.6,82886,82934.5,4390.9,1769863260000000,43.909,0,4390.9,43.909,0
1769863200000000,82864.6,82919.2,82864.6,82918.4,3157.2,1769863200000000,31.572,0,3157.2,31.572,0
1769863140000000,82865.1,82888.1,82857.1,82864.6,851.43,1769863140000000,8.5143,0,851.43,8.5143,0
1769863080000000,82812.1,82892,82812.1,82865.2,4118.84,1769863080000000,41.1884,0,4118.84,41.1884,0
1769863020000000,82876.6,82876.7,82774.7,82812.1,9879.76,1769863020000000,98.7976,0,9879.76,98.7976,0
1769862960000000,82890,82920,82868,82876.7,2807.24,1769862960000000,28.0724,0,2807.24,28.0724,0
1769862900000000,82890.8,82904.4,82865.2,82889.9,1887.52,1769862900000000,18.8752,0,1887.52,18.8752,0
1769862840000000,82896.8,82910.4,82876.7,82890.9,2866.48,1769862840000000,28.6648,0,2866.48,28.6648,0
1769862780000000,82930,82960.9,82896.8,82896.8,2525.25,1769862780000000,25.2525,0,2525.25,25.2525,0
1769862720000000,82889.4,82961,82858,82930,10440.5,1769862720000000,104.405,0,10440.5,104.405,0
1769862660000000,82939.4,82943,82889.4,82889.4,1454.01,1769862660000000,14.5401,0,1454.01,14.5401,0
1769862600000000,82957.3,82957.4,82930.3,82939.3,2852.3,1769862600000000,28.523,0,2852.3,28.523,0
1769862540000000,82945.9,82961,82940.4,82957.4,724.2,1769862540000000,7.242,0,724.2,7.242,0
1769862480000000,82970.2,82977.2,82945.7,82946,853.65,1769862480000000,8.5365,0,853.65,8.5365,0
1769862420000000,82967.6,82970.1,82950,82970.1,594.17,1769862420000000,5.9417,0,594.17,5.9417,0
1769862360000000,82963.5,82986.7,82958.9,82967.6,3612.88,1769862360000000,36.1288,0,3612.88,36.1288,0
1769862300000000,82978.3,82978.3,82958,82963.4,1773.22,1769862300000000,17.7322,0,1773.22,17.7322,0
1769862240000000,82958.1,83008.8,82957.6,82978.3,2837.02,1769862240000000,28.3702,0,2837.02,28.3702,0
1769862180000000,82930.2,82967.7,82930.2,82958,2558.83,1769862180000000,25.5883,0,2558.83,25.5883,0
1769862120000000,82912,82937.6,82889.4,82930.1,3091.42,1769862120000000,30.9142,0,3091.42,30.9142,0
1769862060000000,82965,82965.1,82909,82912,1227.72,1769862060000000,12.2772,0,1227.72,12.2772,0
1769862000000000,82973.7,83058,82960.1,82965.1,5555.49,1769862000000000,55.5549,0,5555.49,55.5549,0
1769861940000000,82929.6,82973.8,82898,82973.8,2820.6,1769861940000000,28.206,0,2820.6,28.206,0
1769861880000000,82930,82933.5,82887.3,82929.7,2128.21,1769861880000000,21.2821,0,2128.21,21.2821,0
1769861820000000,82918.3,82930,82886.9,82930,1698.34,1769861820000000,16.9834,0,1698.34,16.9834,0
1769861760000000,82821.9,82918.3,82821.9,82918.3,2798.14,1769861760000000,27.9814,0,2798.14,27.9814,0
1769861700000000,82808,82838.9,82806.5,82821.9,2120.83,1769861700000000,21.2083,0,2120.83,21.2083,0
1769861640000000,82770.1,82828.4,82770,82807.9,3821.45,1769861640000000,38.2145,0,3821.45,38.2145,0
1769861580000000,82870.9,82871,82770,82770.1,11306.68,1769861580000000,113.0668,0,11306.68,113.0668,0
1769861520000000,82862.1,82890.3,82862,82870.9,5351.04,1769861520000000,53.5104,0,5351.04,53.5104,0
1769861460000000,82949.7,82955,82856.6,82862.1,5014.39,1769861460000000,50.1439,0,5014.39,50.1439,0
1769861400000000,83076,83084.5,82923.6,82949.7,3556.57,1769861400000000,35.5657,0,3556.57,35.5657,0
1769861340000000,83084.9,83111.9,83075.9,83076,1944.21,1769861340000000,19.4421,0,1944.21,19.4421,0
1769861280000000,83027.4,83105.6,83014.6,83084.9,6517.5,1769861280000000,65.175,0,6517.5,65.175,0
1769861220000000,83018.6,83029.1,83013.5,83027.4,1116.29,1769861220000000,11.1629,0,1116.29,11.1629,0
1769861160000000,82989.9,83018.7,82989.9,83018.7,1045.12,1769861160000000,10.4512,0,1045.12,10.4512,0
1769861100000000,82971.9,82990,82955.2,82989.9,918.98,1769861100000000,9.1898,0,918.98,9.1898,0
1769861040000000,82967.9,82977.8,82959.9,82971.9,513.9,1769861040000000,5.139,0,513.9,5.139,0
1769860980000000,82968.1,82989,82959.9,82967.8,2049.65,1769860980000000,20.4965,0,2049.65,20.4965,0
1769860920000000,82960.4,82983.9,82955.8,82968.2,739.82,1769860920000000,7.3982,0,739.82,7.3982,0
1769860860000000,82981.2,82990,82960,82960.4,1421.01,1769860860000000,14.2101,0,1421.01,14.2101,0
1769860800000000,82981.2,82981.3,82962.6,82981.2,1925.67,1769860800000000,19.2567,0,1925.67,19.2567,0
1769860740000000,82915.6,82981.3,82915.5,82981.3,4210.69,1769860740000000,42.1069,0,4210.69,42.1069,0
1769860680000000,82963.9,82964,82906,82915.5,855.43,1769860680000000,8.5543,0,855.43,8.5543,0
1769860620000000,82956.3,82981.3,82939.8,82963.9,1352.58,1769860620000000,13.5258,0,1352.58,13.5258,0
1769860560000000,82940.7,82981,82939.6,82956.4,5809.49,1769860560000000,58.0949,0,5809.49,58.0949,0
1769860500000000,82923.8,82951.7,82917.6,82940.7,2659.56,1769860500000000,26.5956,0,2659.56,26.5956,0
1769860440000000,82892.6,82950,82892.6,82923.8,2717.11,1769860440000000,27.1711,0,2717.11,27.1711,0
1769860380000000,82834.6,82900,82834.6,82892.6,3313.56,1769860380000000,33.1356,0,3313.56,33.1356,0
1769860320000000,82918.7,82918.7,82806,82834.6,9637.73,1769860320000000,96.3773,0,9637.73,96.3773,0
1769860260000000,82980.3,82980.4,82900,82918.6,3826.16,1769860260000000,38.2616,0,3826.16,38.2616,0
1769860200000000,82964.7,82980.4,82953.9,82980.3,991.5,1769860200000000,9.915,0,991.5,9.915,0
1769860140000000,82935.6,82976.3,82935.6,82964.6,698.02,1769860140000000,6.9802,0,698.02,6.9802,0
1769860080000000,82945.4,82972.4,82935.6,82935.6,689.76,1769860080000000,6.8976,0,689.76,6.8976,0
1769860020000000,82926.4,82958.8,82922.7,82945.4,1583.22,1769860020000000,15.8322,0,1583.22,15.8322,0
1769859960000000,82960,82970.8,82920.1,82926.3,1690.92,1769859960000000,16.9092,0,1690.92,16.9092,0
1769859900000000,82939,82973.9,82939,82960,2878.53,1769859900000000,28.7853,0,2878.53,28.7853,0
1769859840000000,82975.3,82975.4,82933,82939,3847.05,1769859840000000,38.4705,0,3847.05,38.4705,0
1769859780000000,82984.4,82984.4,82959,82975.3,952.29,1769859780000000,9.5229,0,952.29,9.5229,0
1769859720000000,82980,83005.7,82979.9,82984.4,2151.11,1769859720000000,21.5111,0,2151.11,21.5111,0
1769859660000000,82979.3,82992.4,82953.2,82979.9,1336.64,1769859660000000,13.3664,0,1336.64,13.3664,0
1769859600000000,82975.9,82992.9,82971,82979.3,1807.7,1769859600000000,18.077,0,1807.7,18.077,0
1769859540000000,82996.1,83008.1,82972.7,82975.9,2603.89,1769859540000000,26.0389,0,2603.89,26.0389,0
1769859480000000,82986.5,83030,82983,82996.1,1576.8,1769859480000000,15.768,0,1576.8,15.768,0
1769859420000000,83005.1,83005.2,82983.6,82986.5,744.41,1769859420000000,7.4441,0,744.41,7.4441,0
1769859360000000,83019.9,83019.9,82993.4,83005.1,1269.67,1769859360000000,12.6967,0,1269.67,12.6967,0
1769859300000000,82995.7,83019.9,82995.7,83019.8,778.02,1769859300000000,7.7802,0,778.02,7.7802,0
1769859240000000,83000.3,83005.1,82980.4,82995.7,1111.39,1769859240000000,11.1139,0,1111.39,11.1139,0
1769859180000000,83002.9,83010,82994.9,83000.3,1017.87,1769859180000000,10.1787,0,1017.87,10.1787,0
1769859120000000,83026.2,83037,82972.4,83002.8,1067.71,1769859120000000,10.6771,0,1067.71,10.6771,0
1769859060000000,82991.2,83026.1,82991.2,83026.1,2114.2,1769859060000000,21.142,0,2114.2,21.142,0
1769859000000000,82963.3,82991.3,82963.3,82991.2,4890.32,1769859000000000,48.9032,0,4890.32,48.9032,0
1769858940000000,82962.8,82988,82950.1,82963.3,4174.32,1769858940000000,41.7432,0,4174.32,41.7432,0
1769858880000000,83023.9,83023.9,82960,82962.8,8063.69,1769858880000000,80.6369,0,8063.69,80.6369,0
1769858820000000,83030.5,83030.5,83006.7,83023.9,812.6,1769858820000000,8.126,0,812.6,8.126,0
1769858760000000,83016.2,83045,83016.2,83030.4,1045.09,1769858760000000,10.4509,0,1045.09,10.4509,0
1769858700000000,83027.8,83030.3,82995.3,83016.2,1354.35,1769858700000000,13.5435,0,1354.35,13.5435,0
1769858640000000,83017.8,83027.9,83007.3,83027.8,540.73,1769858640000000,5.4073,0,540.73,5.4073,0
1769858580000000,82996.2,83023.4,82996.2,83017.7,591.19,1769858580000000,5.9119,0,591.19,5.9119,0
1769858520000000,83001.7,83011.1,82992.6,82996.2,859.81,1769858520000000,8.5981,0,859.81,8.5981,0
1769858460000000,83011.7,83020.2,82980.6,83001.8,854.82,1769858460000000,8.5482,0,854.82,8.5482,0
1769858400000000,83007.6,83040,83000,83011.8,1587.72,1769858400000000,15.8772,0,1587.72,15.8772,0
1769870340000000,81144.2,81153.5,80902,81010.7,40753.58,1769870340000000,407.5358,0,40753.58,407.5358,0
1769870280000000,81144.3,81208.8,80770.9,81144.1,159213.98,1769870280000000,1592.1398,0,159213.98,1592.1398,0
1769870220000000,81193,81251,81081.6,81144.3,47515.52,1769870220000000,475.1552,0,47515.52,475.1552,0
1769870160000000,81495,81540.4,81151.7,81192.9,53585.13,1769870160000000,535.8513,0,53585.13,535.8513,0
1769870100000000,81430.1,81521.7,81358.9,81495,24635.76,1769870100000000,246.3576,0,24635.76,246.3576,0
1769870040000000,81336,81433.8,81270.2,81430,15322.91,1769870040000000,153.2291,0,15322.91,153.2291,0
1769869980000000,81382,81500,81297.8,81336.1,31647.46,1769869980000000,316.4746,0,31647.46,316.4746,0
1769869920000000,81110.4,81400,81104.7,81382.1,48709.27,1769869920000000,487.0927,0,48709.27,487.0927,0
1769869860000000,81407.6,81465.9,81104.5,81110.5,80014.97,1769869860000000,800.1497,0,80014.97,800.1497,0
1769869800000000,81561.4,81600,81363.8,81407.6,34547.52,1769869800000000,345.4752,0,34547.52,345.4752,0
1769869740000000,81552.3,81622.5,81358,81561.3,25784.77,1769869740000000,257.8477,0,25784.77,257.8477,0
1769869680000000,81516.1,81689,81333.3,81552.4,43719.27,1769869680000000,437.1927,0,43719.27,437.1927,0
1769869620000000,81544.2,81750,81243,81516.1,97007.8,1769869620000000,970.078,0,97007.8,970.078,0
1769869560000000,81950.1,82015.6,81233,81544.2,207085.53,1769869560000000,2070.8553,0,207085.53,2070.8553,0
1769869500000000,81948.2,82071.6,81920.2,81950.1,21806.1,1769869500000000,218.061,0,21806.1,218.061,0
1769869440000000,82011.3,82100,81907.5,81948.2,32472.66,1769869440000000,324.7266,0,32472.66,324.7266,0
1769869380000000,82126.3,82197.2,81956.2,82011.3,58398.66,1769869380000000,583.9866,0,58398.66,583.9866,0
1769869320000000,82267.3,82296.7,82126.2,82126.2,16675.61,1769869320000000,166.7561,0,16675.61,166.7561,0
1769869260000000,82233.8,82333.4,82223.3,82267.2,7293.73,1769869260000000,72.9373,0,7293.73,72.9373,0
1769869200000000,82239.4,82300,82223.8,82233.7,13901.35,1769869200000000,139.0135,0,13901.35,139.0135,0
1769869140000000,82262.3,82327.5,82200,82239.4,15466.59,1769869140000000,154.6659,0,15466.59,154.6659,0
1769869080000000,82373.7,82396.6,82248,82262.3,8380.01,1769869080000000,83.8001,0,8380.01,83.8001,0
1769869020000000,82485,82485.4,82345,82373.7,4670.98,1769869020000000,46.7098,0,4670.98,46.7098,0
1769868960000000,82372.7,82485,82350,82485,7276.78,1769868960000000,72.7678,0,7276.78,72.7678,0
1769868900000000,82419.9,82479.1,82250.8,82372.6,21275.33,1769868900000000,212.7533,0,21275.33,212.7533,0
1769868840000000,82468.8,82505.3,82311.3,82420,17756.72,1769868840000000,177.5672,0,17756.72,177.5672,0
1769868780000000,82436,82468.7,82355,82468.7,8491.69,1769868780000000,84.9169,0,8491.69,84.9169,0
1769868720000000,82494.5,82496.8,82392.3,82436,9286.33,1769868720000000,92.8633,0,9286.33,92.8633,0
1769868660000000,82421.5,82560,82416.8,82494.6,8970.15,1769868660000000,89.7015,0,8970.15,89.7015,0
1769868600000000,82563.6,82641.5,82365.9,82421.4,22739.7,1769868600000000,227.397,0,22739.7,227.397,0
1769868540000000,82601,82601,82536.3,82563.6,7802.07,1769868540000000,78.0207,0,7802.07,78.0207,0
1769868480000000,82792.1,82792.1,82600.1,82601.1,6382.44,1769868480000000,63.8244,0,6382.44,63.8244,0
1769868420000000,82897.9,82898,82782.3,82792.2,4356.14,1769868420000000,43.5614,0,4356.14,43.5614,0
1769868360000000,82820.6,82903.4,82820.5,82898,4051.19,1769868360000000,40.5119,0,4051.19,40.5119,0
1769868300000000,82845,82883.2,82820.5,82820.5,3946.01,1769868300000000,39.4601,0,3946.01,39.4601,0
1769868240000000,82752.2,82845,82752.1,82845,3487.61,1769868240000000,34.8761,0,3487.61,34.8761,0
1769868180000000,82718.5,82798.6,82718.5,82752.2,2699.45,1769868180000000,26.9945,0,2699.45,26.9945,0
1769868120000000,82788.1,82788.2,82690,82718.9,8132.14,1769868120000000,81.3214,0,8132.14,81.3214,0
1769868060000000,82777.6,82812.6,82777.6,82788.2,3760.23,1769868060000000,37.6023,0,3760.23,37.6023,0
1769868000000000,82743,82791.5,82736,82777.5,3728.53,1769868000000000,37.2853,0,3728.53,37.2853,0
1769867940000000,82713.6,82752.7,82713.5,82743,3738.2,1769867940000000,37.382,0,3738.2,37.382,0
1769867880000000,82665.8,82721.3,82665.7,82713.6,1777.72,1769867880000000,17.7772,0,1777.72,17.7772,0
1769867820000000,82654.8,82688,82647.6,82665.7,2940.51,1769867820000000,29.4051,0,2940.51,29.4051,0
1769867760000000,82645.7,82671.5,82634.2,82654.8,2475.07,1769867760000000,24.7507,0,2475.07,24.7507,0
1769867700000000,82650,82701.8,82645.5,82645.6,3037.9,1769867700000000,30.379,0,3037.9,30.379,0
1769867640000000,82630.5,82652,82630.4,82650,1736.3,1769867640000000,17.363,0,1736.3,17.363,0
1769867580000000,82600,82643.2,82600,82630.4,2173.17,1769867580000000,21.7317,0,2173.17,21.7317,0
1769867520000000,82600,82624.7,82553.3,82600.1,3249.61,1769867520000000,32.4961,0,3249.61,32.4961,0
1769867460000000,82650.8,82661.6,82600,82600.1,3601.78,1769867460000000,36.0178,0,3601.78,36.0178,0
1769867400000000,82646,82651.5,82609.4,82650.8,2063.19,1769867400000000,20.6319,0,2063.19,20.6319,0
1769867340000000,82633.5,82650.6,82604.3,82646.1,1633.6,1769867340000000,16.336,0,1633.6,16.336,0
1769867280000000,82605.7,82636.8,82574,82633.4,4512.69,1769867280000000,45.1269,0,4512.69,45.1269,0
1769867220000000,82604.2,82671.1,82600,82605.7,1842.97,1769867220000000,18.4297,0,1842.97,18.4297,0
1769867160000000,82603.6,82706.8,82590.5,82604.1,8182.73,1769867160000000,81.8273,0,8182.73,81.8273,0
1769867100000000,82623.5,82634.1,82577.1,82603.6,2534.43,1769867100000000,25.3443,0,2534.43,25.3443,0
1769867040000000,82568,82625.7,82567.9,82623.5,4412.51,1769867040000000,44.1251,0,4412.51,44.1251,0
1769866980000000,82574.1,82596.7,82526.7,82567.9,4596.27,1769866980000000,45.9627,0,4596.27,45.9627,0
1769866920000000,82580.6,82619,82554.9,82574.1,4269.79,1769866920000000,42.6979,0,4269.79,42.6979,0
1769866860000000,82568.7,82595.6,82556.3,82580.6,2665.22,1769866860000000,26.6522,0,2665.22,26.6522,0
1769866800000000,82507,82587.4,82506.9,82568.7,7496.03,1769866800000000,74.9603,0,7496.03,74.9603,0
1769866740000000,82473,82510.8,82451.6,82506.9,7135.61,1769866740000000,71.3561,0,7135.61,71.3561,0
1769866680000000,82523,82550,82445.5,82472.9,5554.96,1769866680000000,55.5496,0,5554.96,55.5496,0
1769866620000000,82480.1,82549.9,82466,82523,12515.48,1769866620000000,125.1548,0,12515.48,125.1548,0
1769866560000000,82612.5,82691.9,82480,82480.2,12910.86,1769866560000000,129.1086,0,12910.86,129.1086,0
1769866500000000,82502,82612.5,82502,82612.5,8171.9,1769866500000000,81.719,0,8171.9,81.719,0
1769866440000000,82601.9,82601.9,82470.2,82502.1,22920.78,1769866440000000,229.2078,0,22920.78,229.2078,0
1769866380000000,82621.3,82640.5,82563.2,82601.8,8806.15,1769866380000000,88.0615,0,8806.15,88.0615,0
1769866320000000,82755.8,82766.7,82616,82621.3,8692.38,1769866320000000,86.9238,0,8692.38,86.9238,0
1769866260000000,82788.9,82800.3,82734.7,82755.8,2524.94,1769866260000000,25.2494,0,2524.94,25.2494,0
1769866200000000,82800.1,82822.6,82788.8,82788.8,2046.93,1769866200000000,20.4693,0,2046.93,20.4693,0
1769866140000000,82786.7,82819.5,82786.7,82800.1,2376.6,1769866140000000,23.766,0,2376.6,23.766,0
1769866080000000,82762.9,82786.9,82741.1,82786.8,1857.45,1769866080000000,18.5745,0,1857.45,18.5745,0
1769866020000000,82773.2,82773.2,82750,82763,1265.29,1769866020000000,12.6529,0,1265.29,12.6529,0
1769865960000000,82781.2,82798.4,82755.3,82773.3,1760.22,1769865960000000,17.6022,0,1760.22,17.6022,0
1769865900000000,82800,82807.8,82777.6,82781.2,2694.07,1769865900000000,26.9407,0,2694.07,26.9407,0
1769865840000000,82819,82829.3,82800,82800,903.15,1769865840000000,9.0315,0,903.15,9.0315,0
1769865780000000,82799.5,82829.2,82794.6,82819.1,826.24,1769865780000000,8.2624,0,826.24,8.2624,0
1769865720000000,82811.3,82811.6,82770.1,82799.6,1260.87,1769865720000000,12.6087,0,1260.87,12.6087,0
1769865660000000,82799.8,82811.7,82788,82811.4,2899.57,1769865660000000,28.9957,0,2899.57,28.9957,0
1769865600000000,82788.7,82828.3,82788.6,82799.8,1530.93,1769865600000000,15.3093,0,1530.93,15.3093,0
1769865540000000,82871,82871.1,82756.7,82788.7,2281.53,1769865540000000,22.8153,0,2281.53,22.8153,0
1769865480000000,82876.9,82895.9,82871,82871.1,2837.37,1769865480000000,28.3737,0,2837.37,28.3737,0
1769865420000000,82852.4,82877,82833.9,82877,1503.97,1769865420000000,15.0397,0,1503.97,15.0397,0
1769865360000000,82806,82852.5,82779.9,82852.5,1507.65,1769865360000000,15.0765,0,1507.65,15.0765,0
1769865300000000,82766.1,82806.7,82763.5,82805.9,1101.8,1769865300000000,11.018,0,1101.8,11.018,0
1769865240000000,82773.4,82830,82766.1,82766.2,1303.33,1769865240000000,13.0333,0,1303.33,13.0333,0
1769865180000000,82791.9,82820.3,82750.2,82773.5,7153.49,1769865180000000,71.5349,0,7153.49,71.5349,0
1769865120000000,82828.4,82828.4,82785,82792,1327.88,1769865120000000,13.2788,0,1327.88,13.2788,0
1769865060000000,82815.1,82828.4,82815.1,82828.4,1131.53,1769865060000000,11.3153,0,1131.53,11.3153,0
1769865000000000,82867.8,82867.8,82806.7,82815.1,3434.61,1769865000000000,34.3461,0,3434.61,34.3461,0
1769864940000000,82844.6,82873.7,82828.1,82867.8,2864.04,1769864940000000,28.6404,0,2864.04,28.6404,0
1769864880000000,82790.1,82850,82790,82844.7,3045.21,1769864880000000,30.4521,0,3045.21,30.4521,0
1769864820000000,82779.2,82790.1,82760,82790.1,1871.08,1769864820000000,18.7108,0,1871.08,18.7108,0
1769864760000000,82763.4,82787.1,82753.1,82779.2,1619.57,1769864760000000,16.1957,0,1619.57,16.1957,0
1769864700000000,82775,82790.7,82761.8,82763.4,1122.19,1769864700000000,11.2219,0,1122.19,11.2219,0
1769864640000000,82767,82780.3,82745.1,82775,1722.32,1769864640000000,17.2232,0,1722.32,17.2232,0
1769864580000000,82805.4,82813.4,82734.2,82766.9,1674.87,1769864580000000,16.7487,0,1674.87,16.7487,0
1769864520000000,82674.2,82827.7,82642.6,82805.5,14939.31,1769864520000000,149.3931,0,14939.31,149.3931,0
1769864460000000,82686.6,82720,82674.1,82674.2,1787.18,1769864460000000,17.8718,0,1787.18,17.8718,0
1769864400000000,82737.4,82757.5,82686.6,82686.7,3416.94,1769864400000000,34.1694,0,3416.94,34.1694,0
