instrument_name,funding_rate,funding_time
0G-USDT-SWAP,0.00005,1764777600000
0G-USDT-SWAP,0.00005,1764792000000
0G-USDT-SWAP,0.00005,1764806400000
0G-USDT-SWAP,0.00005,1764820800000
0G-USDT-SWAP,0.00005,1764835200000
0G-USDT-SWAP,0.00005,1764849600000
1INCH-USDT-SWAP,0.0001,1764777600000
1INCH-USDT-SWAP,-0.0001223371556392,1764806400000
1INCH-USDT-SWAP,0.0001,1764835200000
2Z-USDT-SWAP,-0.0001406737800211,1764777600000
2Z-USDT-SWAP,0.00005,1764792000000
2Z-USDT-SWAP,0.00005,1764806400000
2Z-USDT-SWAP,-0.0000819912603839,1764820800000
2Z-USDT-SWAP,-0.000086317422647,1764835200000
2Z-USDT-SWAP,0.0000398536019374,1764849600000
A-USDT-SWAP,-0.0000021588174935,1764777600000
A-USDT-SWAP,0.00005,1764792000000
A-USDT-SWAP,0.0000213199184289,1764806400000
A-USDT-SWAP,0.00005,1764820800000
A-USDT-SWAP,0.00005,1764835200000
A-USDT-SWAP,-0.0000049339547936,1764849600000
AAVE-USDT-SWAP,0.0001,1764777600000
AAVE-USDT-SWAP,0.0000626731636573,1764806400000
AAVE-USDT-SWAP,-0.0000120908673567,1764835200000
ACE-USDT-SWAP,0.0000125,1764777600000
ACE-USDT-SWAP,0.0000125,1764781200000
ACE-USDT-SWAP,0.0000125,1764784800000
ACE-USDT-SWAP,0.0000125,1764788400000
ACE-USDT-SWAP,0.0000125,1764792000000
ACE-USDT-SWAP,0.0000125,1764795600000
ACE-USDT-SWAP,0.0000125,1764799200000
ACE-USDT-SWAP,0.0000125,1764802800000
ACE-USDT-SWAP,0.0000125,1764806400000
ACE-USDT-SWAP,0.0000125,1764810000000
ACE-USDT-SWAP,0.0000125,1764813600000
ACE-USDT-SWAP,0.0000125,1764817200000
ACE-USDT-SWAP,0.0000125,1764820800000
ACE-USDT-SWAP,0.0000125,1764824400000
ACE-USDT-SWAP,0.0000125,1764828000000
ACE-USDT-SWAP,0.0000125,1764831600000
ACE-USDT-SWAP,0.0000125,1764835200000
ACE-USDT-SWAP,0.0000125,1764838800000
ACE-USDT-SWAP,0.0000125,1764842400000
ACE-USDT-SWAP,0.0000125,1764846000000
ACE-USDT-SWAP,0.0000125,1764849600000
ACE-USDT-SWAP,0.0000125,1764853200000
ACE-USDT-SWAP,0.0000125,1764856800000
ACE-USDT-SWAP,0.0000125,1764860400000
ACH-USDT-SWAP,0.00005,1764777600000
ACH-USDT-SWAP,0.00005,1764792000000
ACH-USDT-SWAP,0.00005,1764806400000
ACH-USDT-SWAP,0.00005,1764820800000
ACH-USDT-SWAP,0.00005,1764835200000
ACH-USDT-SWAP,0.00005,1764849600000
ACT-USDT-SWAP,0.00005,1764777600000
ACT-USDT-SWAP,0.00005,1764792000000
ACT-USDT-SWAP,0.00005,1764806400000
ACT-USDT-SWAP,0.00005,1764820800000
ACT-USDT-SWAP,0.00005,1764835200000
ACT-USDT-SWAP,0.000015515781703,1764849600000
ADA-USD-SWAP,-0.0000116340893864,1764777600000
ADA-USD-SWAP,-0.0000130325306795,1764806400000
ADA-USD-SWAP,0.0000852141140283,1764835200000
ADA-USDT-SWAP,0.0000359997302862,1764777600000
ADA-USDT-SWAP,-0.0000038059329057,1764806400000
ADA-USDT-SWAP,0.0001,1764835200000
AERO-USDT-SWAP,0.00005,1764777600000
AERO-USDT-SWAP,0.000042051683501,1764792000000
AERO-USDT-SWAP,-0.0001148450928194,1764806400000
AERO-USDT-SWAP,-0.0000432675147804,1764820800000
AERO-USDT-SWAP,-0.0000162041834753,1764835200000
AERO-USDT-SWAP,-0.0002486313105724,1764849600000
AEVO-USDT-SWAP,0.00005,1764777600000
AEVO-USDT-SWAP,0.00005,1764792000000
AEVO-USDT-SWAP,0.00005,1764806400000
AEVO-USDT-SWAP,0.00005,1764820800000
AEVO-USDT-SWAP,0.00005,1764835200000
AEVO-USDT-SWAP,0.00005,1764849600000
AGLD-USDT-SWAP,0.0001,1764777600000
AGLD-USDT-SWAP,0.0001,1764806400000
AGLD-USDT-SWAP,0.0001,1764835200000
AIXBT-USDT-SWAP,0.00005,1764777600000
AIXBT-USDT-SWAP,0.00005,1764792000000
AIXBT-USDT-SWAP,-0.0000564573006595,1764806400000
AIXBT-USDT-SWAP,-0.0000597909662848,1764820800000
AIXBT-USDT-SWAP,0.00005,1764835200000
AIXBT-USDT-SWAP,-0.0000452277047229,1764849600000
ALGO-USDT-SWAP,0.0000196201634728,1764777600000
ALGO-USDT-SWAP,-0.0000327030755262,1764806400000
ALGO-USDT-SWAP,0.000094257880245,1764835200000
ALLO-USDT-SWAP,0.00005,1764777600000
ALLO-USDT-SWAP,0.00005,1764792000000
ALLO-USDT-SWAP,-0.0000750110480398,1764806400000
ALLO-USDT-SWAP,-0.0000296856947461,1764820800000
ALLO-USDT-SWAP,-0.0003187502955502,1764835200000
ALLO-USDT-SWAP,0.00005,1764849600000
ANIME-USDT-SWAP,-0.0008479637919346,1764777600000
ANIME-USDT-SWAP,-0.000836345072215,1764792000000
ANIME-USDT-SWAP,-0.000288436805862,1764806400000
ANIME-USDT-SWAP,-0.0013354179046459,1764820800000
ANIME-USDT-SWAP,-0.0031349506186863,1764835200000
ANIME-USDT-SWAP,-0.0002787712172656,1764849600000
APE-USDT-SWAP,-0.0002128266541319,1764777600000
APE-USDT-SWAP,-0.0000090316455016,1764806400000
APE-USDT-SWAP,0.0001,1764835200000
API3-USDT-SWAP,-0.0001653841644404,1764777600000
API3-USDT-SWAP,-0.0002392099842872,1764792000000
API3-USDT-SWAP,-0.0001056289570007,1764806400000
API3-USDT-SWAP,-0.0001414800432689,1764820800000
API3-USDT-SWAP,-0.0002099135870084,1764835200000
API3-USDT-SWAP,-0.0003888891204616,1764849600000
APR-USDT-SWAP,0.00005,1764777600000
APR-USDT-SWAP,0.00005,1764792000000
APR-USDT-SWAP,0.00005,1764806400000
APR-USDT-SWAP,0.00005,1764820800000
APR-USDT-SWAP,0.00005,1764835200000
APR-USDT-SWAP,0.00005,1764849600000
APT-USDT-SWAP,-0.0001969651205819,1764777600000
APT-USDT-SWAP,-0.000141146119318,1764806400000
APT-USDT-SWAP,-0.0001032806285697,1764835200000
AR-USDT-SWAP,0.0001,1764777600000
AR-USDT-SWAP,0.0000808832953958,1764806400000
AR-USDT-SWAP,-0.0000818989091851,1764835200000
ARB-USDT-SWAP,0.0001,1764777600000
ARB-USDT-SWAP,0.0001,1764806400000
ARB-USDT-SWAP,0.0001,1764835200000
ARKM-USDT-SWAP,0.0001,1764777600000
ARKM-USDT-SWAP,0.0001,1764806400000
ARKM-USDT-SWAP,0.0001,1764835200000
ASTER-USDT-SWAP,0.00005,1764777600000
ASTER-USDT-SWAP,0.00005,1764792000000
ASTER-USDT-SWAP,0.00005,1764806400000
ASTER-USDT-SWAP,0.00005,1764820800000
ASTER-USDT-SWAP,0.00005,1764835200000
ASTER-USDT-SWAP,0.0000333930584847,1764849600000
AT-USDT-SWAP,-0.000492873668862,1764777600000
AT-USDT-SWAP,0.00005,1764792000000
AT-USDT-SWAP,0.00005,1764806400000
AT-USDT-SWAP,-0.0006422398560168,1764820800000
AT-USDT-SWAP,-0.0001233143404473,1764835200000
AT-USDT-SWAP,-0.0006520936288797,1764849600000
ATH-USDT-SWAP,0.0001,1764777600000
ATH-USDT-SWAP,0.0001,1764806400000
ATH-USDT-SWAP,0.0001,1764835200000
ATOM-USDT-SWAP,-0.0003189601848389,1764777600000
ATOM-USDT-SWAP,-0.000292925036522,1764806400000
ATOM-USDT-SWAP,-0.0002286859235687,1764835200000
AUCTION-USDT-SWAP,-0.0000181259895453,1764777600000
AUCTION-USDT-SWAP,0.00005,1764792000000
AUCTION-USDT-SWAP,0.00005,1764806400000
AUCTION-USDT-SWAP,-0.0000427209103524,1764820800000
AUCTION-USDT-SWAP,0.00005,1764835200000
AUCTION-USDT-SWAP,-0.000208254888705,1764849600000
AVAX-USD-SWAP,0.0001,1764777600000
AVAX-USD-SWAP,0.0001,1764806400000
AVAX-USD-SWAP,0.0001,1764835200000
AVAX-USDT-SWAP,0.000078252306873,1764777600000
AVAX-USDT-SWAP,0.0001,1764806400000
AVAX-USDT-SWAP,-0.0000426630048654,1764835200000
AVNT-USDT-SWAP,0.00005,1764777600000
AVNT-USDT-SWAP,0.00005,1764792000000
AVNT-USDT-SWAP,0.0000279166035543,1764806400000
AVNT-USDT-SWAP,0.0000312564579187,1764820800000
AVNT-USDT-SWAP,0.00005,1764835200000
AVNT-USDT-SWAP,0.00005,1764849600000
AXS-USDT-SWAP,0.0001,1764777600000
AXS-USDT-SWAP,0.0001,1764806400000
AXS-USDT-SWAP,0.0000252088768339,1764835200000
BABY-USDT-SWAP,0.00005,1764777600000
BABY-USDT-SWAP,0.00005,1764792000000
BABY-USDT-SWAP,0.00005,1764806400000
BABY-USDT-SWAP,0.00005,1764820800000
BABY-USDT-SWAP,0.00005,1764835200000
BABY-USDT-SWAP,0.00005,1764849600000
BAND-USDT-SWAP,-0.0001398669710653,1764777600000
BAND-USDT-SWAP,0.0001,1764806400000
BAND-USDT-SWAP,0.0000366992708467,1764835200000
BARD-USDT-SWAP,0.00005,1764777600000
BARD-USDT-SWAP,0.00005,1764792000000
BARD-USDT-SWAP,0.00005,1764806400000
BARD-USDT-SWAP,0.00005,1764820800000
BARD-USDT-SWAP,0.00005,1764835200000
BARD-USDT-SWAP,0.00005,1764849600000
BAT-USDT-SWAP,0.0001,1764777600000
BAT-USDT-SWAP,-0.0000304699097276,1764806400000
BAT-USDT-SWAP,-0.0001514266477083,1764835200000
BCH-USD-SWAP,-0.0000236237641217,1764777600000
BCH-USD-SWAP,-0.0000350449494422,1764806400000
BCH-USD-SWAP,-0.0000991487037503,1764835200000
BCH-USDT-SWAP,0.0000279227524587,1764777600000
BCH-USDT-SWAP,0.0000016429407183,1764806400000
BCH-USDT-SWAP,-0.0000930498799311,1764835200000
BEAT-USDT-SWAP,0.0018405469318311,1764777600000
BEAT-USDT-SWAP,0.0002438276710256,1764792000000
BEAT-USDT-SWAP,0.00176204150658,1764806400000
BEAT-USDT-SWAP,0.000722375616216,1764820800000
BEAT-USDT-SWAP,0.0004203294377491,1764835200000
BEAT-USDT-SWAP,0.0010643762176927,1764849600000
BERA-USDT-SWAP,-0.0001778634117218,1764777600000
BERA-USDT-SWAP,0.0000349295758644,1764792000000
BERA-USDT-SWAP,0.00005,1764806400000
BERA-USDT-SWAP,0.00005,1764820800000
BERA-USDT-SWAP,-0.000335440147444,1764835200000
BERA-USDT-SWAP,-0.0001199622266357,1764849600000
BICO-USDT-SWAP,0.0001,1764777600000
BICO-USDT-SWAP,0.0001,1764806400000
BICO-USDT-SWAP,0.0001,1764835200000
BIGTIME-USDT-SWAP,0.00005,1764777600000
BIGTIME-USDT-SWAP,0.0000474636127987,1764792000000
BIGTIME-USDT-SWAP,0.0000085930135638,1764806400000
BIGTIME-USDT-SWAP,-0.0001277018792143,1764820800000
BIGTIME-USDT-SWAP,0.00005,1764835200000
BIGTIME-USDT-SWAP,0.00005,1764849600000
BIO-USDT-SWAP,0.00005,1764777600000
BIO-USDT-SWAP,0.00005,1764792000000
BIO-USDT-SWAP,0.0000474152409922,1764806400000
BIO-USDT-SWAP,0.0000326621189436,1764820800000
BIO-USDT-SWAP,0.00005,1764835200000
BIO-USDT-SWAP,0.0000130331793985,1764849600000
BLUAI-USDT-SWAP,0.0001703550993357,1764777600000
BLUAI-USDT-SWAP,0.00005,1764792000000
BLUAI-USDT-SWAP,0.0003690662207969,1764806400000
BLUAI-USDT-SWAP,0.0000880371168613,1764820800000
BLUAI-USDT-SWAP,0.0000960273286787,1764835200000
BLUAI-USDT-SWAP,0.00005,1764849600000
BLUR-USDT-SWAP,0.0001,1764777600000
BLUR-USDT-SWAP,0.0001,1764806400000
BLUR-USDT-SWAP,0.0001,1764835200000
BNB-USDT-SWAP,0.0001,1764777600000
BNB-USDT-SWAP,0.0001,1764806400000
BNB-USDT-SWAP,0.0001,1764835200000
BOME-USDT-SWAP,0.00005,1764777600000
BOME-USDT-SWAP,0.00005,1764792000000
BOME-USDT-SWAP,0.00005,1764806400000
BOME-USDT-SWAP,0.00005,1764820800000
BOME-USDT-SWAP,0.00005,1764835200000
BOME-USDT-SWAP,0.00005,1764849600000
BONK-USDT-SWAP,0.0001,1764777600000
BONK-USDT-SWAP,0.0001,1764806400000
BONK-USDT-SWAP,0.0001,1764835200000
BRETT-USDT-SWAP,0.00005,1764777600000
BRETT-USDT-SWAP,-0.0000722573397308,1764792000000
BRETT-USDT-SWAP,0.00005,1764806400000
BRETT-USDT-SWAP,0.00005,1764820800000
BRETT-USDT-SWAP,0.00005,1764835200000
BRETT-USDT-SWAP,0.00005,1764849600000
BTC-USD-SWAP,-0.0000376772972753,1764777600000
BTC-USD-SWAP,0.0000010285163973,1764806400000
BTC-USD-SWAP,0.0000011136613403,1764835200000
BTC-USDC-SWAP,0.0000567803535304,1764777600000
BTC-USDC-SWAP,0.0000650259071377,1764806400000
BTC-USDC-SWAP,-0.0000788456670271,1764835200000
BTC-USDT-SWAP,-0.0000043483163406,1764777600000
BTC-USDT-SWAP,1.042539944E-7,1764806400000
BTC-USDT-SWAP,0.0000224451591708,1764835200000
BTC-USD_UM-SWAP,0.0001,1764777600000
BTC-USD_UM-SWAP,0.0001,1764806400000
BTC-USD_UM-SWAP,0.0001,1764835200000
CAT-USDT-SWAP,0.00005,1764777600000
CAT-USDT-SWAP,0.00005,1764792000000
CAT-USDT-SWAP,0.00005,1764806400000
CAT-USDT-SWAP,0.00005,1764820800000
CAT-USDT-SWAP,0.00005,1764835200000
CAT-USDT-SWAP,0.00005,1764849600000
CATI-USDT-SWAP,0.00005,1764777600000
CATI-USDT-SWAP,0.00005,1764792000000
CATI-USDT-SWAP,0.00005,1764806400000
CATI-USDT-SWAP,0.00005,1764820800000
CATI-USDT-SWAP,0.00005,1764835200000
CATI-USDT-SWAP,0.00005,1764849600000
CC-USDT-SWAP,0.00005,1764777600000
CC-USDT-SWAP,0.00005,1764792000000
CC-USDT-SWAP,0.00005,1764806400000
CC-USDT-SWAP,0.00005,1764820800000
CC-USDT-SWAP,0.00005,1764835200000
CC-USDT-SWAP,0.00005,1764849600000
CELO-USDT-SWAP,0.0001,1764777600000
CELO-USDT-SWAP,-0.0000034375086067,1764806400000
CELO-USDT-SWAP,-0.0000699687406799,1764835200000
CETUS-USDT-SWAP,0.00005,1764777600000
CETUS-USDT-SWAP,0.00005,1764792000000
CETUS-USDT-SWAP,0.00005,1764806400000
CETUS-USDT-SWAP,0.00005,1764820800000
CETUS-USDT-SWAP,0.00005,1764835200000
CETUS-USDT-SWAP,0.00005,1764849600000
CFX-USDT-SWAP,0.0000432487943362,1764777600000
CFX-USDT-SWAP,0.000033026937291,1764806400000
CFX-USDT-SWAP,0.0001,1764835200000
CHZ-USDT-SWAP,0.0000019126093025,1764777600000
CHZ-USDT-SWAP,-0.0001413458398061,1764806400000
CHZ-USDT-SWAP,-0.0002605372200556,1764835200000
COAI-USDT-SWAP,0.00005,1764777600000
COAI-USDT-SWAP,0.00005,1764792000000
COAI-USDT-SWAP,0.0000823399089791,1764806400000
COAI-USDT-SWAP,0.00005,1764820800000
COAI-USDT-SWAP,0.0003357551361427,1764835200000
COAI-USDT-SWAP,0.0005003658799622,1764849600000
COMP-USDT-SWAP,-0.0005107966836934,1764777600000
COMP-USDT-SWAP,-0.0003559356026915,1764806400000
COMP-USDT-SWAP,-0.0001041546913361,1764835200000
COOKIE-USDT-SWAP,0.00005,1764777600000
COOKIE-USDT-SWAP,0.00005,1764792000000
COOKIE-USDT-SWAP,0.00005,1764806400000
COOKIE-USDT-SWAP,0.00005,1764820800000
COOKIE-USDT-SWAP,0.00005,1764835200000
COOKIE-USDT-SWAP,0.00005,1764849600000
CORE-USDT-SWAP,0.0001,1764777600000
CORE-USDT-SWAP,0.0001,1764806400000
CORE-USDT-SWAP,0.0001,1764835200000
CRO-USDT-SWAP,-0.0000678446696504,1764777600000
CRO-USDT-SWAP,-0.0001466146835987,1764806400000
CRO-USDT-SWAP,-0.0000921444826125,1764835200000
CRV-USDT-SWAP,0.0001,1764777600000
CRV-USDT-SWAP,0.0000512868893865,1764806400000
CRV-USDT-SWAP,0.0001,1764835200000
CVX-USDT-SWAP,-0.0001364735344002,1764777600000
CVX-USDT-SWAP,-0.000170113722482,1764806400000
CVX-USDT-SWAP,0.0001,1764835200000
DASH-USDT-SWAP,-0.0002994566467763,1764777600000
DASH-USDT-SWAP,-0.0000349028991784,1764792000000
DASH-USDT-SWAP,0.00005,1764806400000
DASH-USDT-SWAP,-0.000200722287043,1764820800000
DASH-USDT-SWAP,0.00005,1764835200000
DASH-USDT-SWAP,-0.0000176225971334,1764849600000
DEGEN-USDT-SWAP,0.00005,1764777600000
DEGEN-USDT-SWAP,0.00005,1764792000000
DEGEN-USDT-SWAP,0.00005,1764806400000
DEGEN-USDT-SWAP,0.00005,1764820800000
DEGEN-USDT-SWAP,0.00005,1764835200000
DEGEN-USDT-SWAP,-0.0002571670372723,1764849600000
DOGE-USD-SWAP,0.0000137569750109,1764777600000
DOGE-USD-SWAP,0.0000209856891152,1764806400000
DOGE-USD-SWAP,0.0000062111969337,1764835200000
DOGE-USDT-SWAP,0.0001,1764777600000
DOGE-USDT-SWAP,0.0001,1764806400000
DOGE-USDT-SWAP,0.0001,1764835200000
DOOD-USDT-SWAP,-0.0000863015108103,1764777600000
DOOD-USDT-SWAP,-0.0001381518246795,1764792000000
DOOD-USDT-SWAP,-0.0002354347402007,1764806400000
DOOD-USDT-SWAP,-0.0005743734867676,1764820800000
DOOD-USDT-SWAP,-0.0010262048135187,1764835200000
DOOD-USDT-SWAP,-0.0000780548325213,1764849600000
DOT-USD-SWAP,-0.000014653000559,1764777600000
DOT-USD-SWAP,-0.0001205081124151,1764806400000
DOT-USD-SWAP,-0.0001336837006247,1764835200000
DOT-USDT-SWAP,-0.0000730832190345,1764777600000
DOT-USDT-SWAP,-0.0001680174816822,1764806400000
DOT-USDT-SWAP,-0.0002153850606546,1764835200000
DYDX-USDT-SWAP,0.0001,1764777600000
DYDX-USDT-SWAP,0.0001,1764806400000
DYDX-USDT-SWAP,0.0001,1764835200000
EDEN-USDT-SWAP,0.00005,1764777600000
EDEN-USDT-SWAP,0.00005,1764792000000
EDEN-USDT-SWAP,0.00005,1764806400000
EDEN-USDT-SWAP,0.00005,1764820800000
EDEN-USDT-SWAP,0.00005,1764835200000
EDEN-USDT-SWAP,0.00005,1764849600000
EGLD-USDT-SWAP,-0.0001421507746826,1764777600000
EGLD-USDT-SWAP,-0.0000519363473678,1764806400000
EGLD-USDT-SWAP,-0.0003052041519542,1764835200000
EIGEN-USDT-SWAP,0.00005,1764777600000
EIGEN-USDT-SWAP,0.00005,1764792000000
EIGEN-USDT-SWAP,0.00005,1764806400000
EIGEN-USDT-SWAP,0.00005,1764820800000
EIGEN-USDT-SWAP,0.00005,1764835200000
EIGEN-USDT-SWAP,0.00005,1764849600000
ENA-USDT-SWAP,0.00005,1764777600000
ENA-USDT-SWAP,-0.0000065545161834,1764792000000
ENA-USDT-SWAP,0.0000030837707917,1764806400000
ENA-USDT-SWAP,-0.000094299906404,1764820800000
ENA-USDT-SWAP,0.00005,1764835200000
ENA-USDT-SWAP,0.00005,1764849600000
ENJ-USDT-SWAP,0.0000180411860473,1764777600000
ENJ-USDT-SWAP,0.0001,1764806400000
ENJ-USDT-SWAP,0.0001,1764835200000
ENS-USDT-SWAP,0.0000906246000852,1764777600000
ENS-USDT-SWAP,0.0000051980332055,1764806400000
ENS-USDT-SWAP,0.0000420375139428,1764835200000
ENSO-USDT-SWAP,0.00005,1764777600000
ENSO-USDT-SWAP,0.00005,1764792000000
ENSO-USDT-SWAP,0.00005,1764806400000
ENSO-USDT-SWAP,0.00005,1764820800000
ENSO-USDT-SWAP,0.00005,1764835200000
ENSO-USDT-SWAP,0.00005,1764849600000
ETC-USD-SWAP,0.0001,1764777600000
ETC-USD-SWAP,0.0001,1764806400000
ETC-USD-SWAP,0.0001,1764835200000
ETC-USDT-SWAP,0.0000852705745203,1764777600000
ETC-USDT-SWAP,0.0001,1764806400000
ETC-USDT-SWAP,0.0001,1764835200000
ETH-USD-SWAP,-0.0000061627077929,1764777600000
ETH-USD-SWAP,0.0000556376573349,1764806400000
ETH-USD-SWAP,0.0000233894955633,1764835200000
ETH-USDC-SWAP,0.0001,1764777600000
ETH-USDC-SWAP,-0.0001150093263746,1764806400000
ETH-USDC-SWAP,-0.0000994590845595,1764835200000
ETH-USDT-SWAP,-0.0000059585309032,1764777600000
ETH-USDT-SWAP,0.0000154083573338,1764806400000
ETH-USDT-SWAP,0.0000072870579683,1764835200000
ETH-USD_UM-SWAP,0.0001,1764777600000
ETH-USD_UM-SWAP,0.0001,1764806400000
ETH-USD_UM-SWAP,0.0001,1764835200000
ETHFI-USDT-SWAP,0.00005,1764777600000
ETHFI-USDT-SWAP,-0.0000300113054431,1764792000000
ETHFI-USDT-SWAP,0.00005,1764806400000
ETHFI-USDT-SWAP,-0.0000824388374173,1764820800000
ETHFI-USDT-SWAP,0.0000075750090246,1764835200000
ETHFI-USDT-SWAP,0.0000498173617696,1764849600000
ETHW-USDT-SWAP,0.00005,1764777600000
ETHW-USDT-SWAP,0.00005,1764792000000
ETHW-USDT-SWAP,0.00005,1764806400000
ETHW-USDT-SWAP,0.00005,1764820800000
ETHW-USDT-SWAP,0.00005,1764835200000
ETHW-USDT-SWAP,0.00005,1764849600000
F-USDT-SWAP,0.00005,1764777600000
F-USDT-SWAP,0.00005,1764792000000
F-USDT-SWAP,0.00005,1764806400000
F-USDT-SWAP,0.00005,1764820800000
F-USDT-SWAP,0.00005,1764835200000
F-USDT-SWAP,0.00005,1764849600000
FARTCOIN-USDT-SWAP,0.0000095389445448,1764777600000
FARTCOIN-USDT-SWAP,0.00005,1764792000000
FARTCOIN-USDT-SWAP,0.00005,1764806400000
FARTCOIN-USDT-SWAP,0.00005,1764820800000
FARTCOIN-USDT-SWAP,0.00005,1764835200000
FARTCOIN-USDT-SWAP,0.00005,1764849600000
FIL-USD-SWAP,0.0001,1764777600000
FIL-USD-SWAP,0.0000113191210665,1764806400000
FIL-USD-SWAP,0.0001,1764835200000
FIL-USDT-SWAP,0.0001,1764777600000
FIL-USDT-SWAP,0.000061722218665,1764806400000
FIL-USDT-SWAP,0.0000276646275952,1764835200000
FLOKI-USDT-SWAP,0.0000961952686723,1764777600000
FLOKI-USDT-SWAP,0.0000140649398675,1764806400000
FLOKI-USDT-SWAP,0.0000910545639667,1764835200000
FLOW-USDT-SWAP,0.0001,1764777600000
FLOW-USDT-SWAP,0.0001,1764806400000
FLOW-USDT-SWAP,0.0001,1764835200000
FXS-USDT-SWAP,0.0001,1764777600000
FXS-USDT-SWAP,0.0001,1764806400000
FXS-USDT-SWAP,0.0001,1764835200000
GALA-USDT-SWAP,0.0000569832513483,1764777600000
GALA-USDT-SWAP,0.0000472618748343,1764806400000
GALA-USDT-SWAP,0.0001,1764835200000
GAS-USDT-SWAP,-0.0000153016539642,1764777600000
GAS-USDT-SWAP,-0.0001069166344813,1764792000000
GAS-USDT-SWAP,0.00005,1764806400000
GAS-USDT-SWAP,0.00005,1764820800000
GAS-USDT-SWAP,0.00005,1764835200000
GAS-USDT-SWAP,0.00005,1764849600000
GIGGLE-USDT-SWAP,-0.0001386712072098,1764777600000
GIGGLE-USDT-SWAP,0.0000357486709661,1764792000000
GIGGLE-USDT-SWAP,0.00005,1764806400000
GIGGLE-USDT-SWAP,0.00005,1764820800000
GIGGLE-USDT-SWAP,0.00005,1764835200000
GIGGLE-USDT-SWAP,0.0000466667691871,1764849600000
GLM-USDT-SWAP,-0.0003368265937869,1764777600000
GLM-USDT-SWAP,-0.0001707250074425,1764792000000
GLM-USDT-SWAP,0.0000091969296277,1764806400000
GLM-USDT-SWAP,-0.0002252202028919,1764820800000
GLM-USDT-SWAP,-0.0000080783817842,1764835200000
GLM-USDT-SWAP,0.0000060530041166,1764849600000
GMT-USDT-SWAP,0.0001,1764777600000
GMT-USDT-SWAP,0.0001,1764806400000
GMT-USDT-SWAP,0.0001,1764835200000
GMX-USDT-SWAP,0.0000892328246455,1764777600000
GMX-USDT-SWAP,0.0001,1764806400000
GMX-USDT-SWAP,0.0001,1764835200000
GOAT-USDT-SWAP,0.00005,1764777600000
GOAT-USDT-SWAP,-0.0000011845307164,1764792000000
GOAT-USDT-SWAP,-0.0002109493536833,1764806400000
GOAT-USDT-SWAP,0.00005,1764820800000
GOAT-USDT-SWAP,0.00005,1764835200000
GOAT-USDT-SWAP,0.00005,1764849600000
GPS-USDT-SWAP,-0.0006410925404282,1764777600000
GPS-USDT-SWAP,0.00005,1764792000000
GPS-USDT-SWAP,0.00005,1764806400000
GPS-USDT-SWAP,0.00005,1764820800000
GPS-USDT-SWAP,-0.000005258455219,1764835200000
GPS-USDT-SWAP,-0.0008758567753029,1764849600000
GRASS-USDT-SWAP,0.00005,1764777600000
GRASS-USDT-SWAP,0.00005,1764792000000
GRASS-USDT-SWAP,0.00005,1764806400000
GRASS-USDT-SWAP,0.00005,1764820800000
GRASS-USDT-SWAP,0.00005,1764835200000
GRASS-USDT-SWAP,0.00005,1764849600000
GRT-USDT-SWAP,0.000008215612464,1764777600000
GRT-USDT-SWAP,0.0000406816282603,1764806400000
GRT-USDT-SWAP,0.0001,1764835200000
H-USDT-SWAP,-0.007367484666728,1764777600000
H-USDT-SWAP,-0.0087463215272717,1764792000000
H-USDT-SWAP,-0.0039359633591719,1764806400000
H-USDT-SWAP,-0.0036974174837845,1764820800000
H-USDT-SWAP,-0.0029375030296517,1764835200000
H-USDT-SWAP,-0.0107492272025848,1764849600000
HBAR-USDT-SWAP,0.0000547257463313,1764777600000
HBAR-USDT-SWAP,0.0000735191144852,1764806400000
HBAR-USDT-SWAP,0.0000433753009888,1764835200000
HMSTR-USDT-SWAP,0.00005,1764777600000
HMSTR-USDT-SWAP,0.00005,1764792000000
HMSTR-USDT-SWAP,0.00005,1764806400000
HMSTR-USDT-SWAP,0.00005,1764820800000
HMSTR-USDT-SWAP,0.00005,1764835200000
HMSTR-USDT-SWAP,0.00005,1764849600000
HOME-USDT-SWAP,0.00005,1764777600000
HOME-USDT-SWAP,0.00005,1764792000000
HOME-USDT-SWAP,0.00005,1764806400000
HOME-USDT-SWAP,0.00005,1764820800000
HOME-USDT-SWAP,0.00005,1764835200000
HOME-USDT-SWAP,0.00005,1764849600000
HUMA-USDT-SWAP,0.00005,1764777600000
HUMA-USDT-SWAP,0.00005,1764792000000
HUMA-USDT-SWAP,0.00005,1764806400000
HUMA-USDT-SWAP,0.00005,1764820800000
HUMA-USDT-SWAP,0.00005,1764835200000
HUMA-USDT-SWAP,0.00005,1764849600000
HYPE-USDT-SWAP,0.00005,1764777600000
HYPE-USDT-SWAP,0.00005,1764792000000
HYPE-USDT-SWAP,0.00005,1764806400000
HYPE-USDT-SWAP,0.00005,1764820800000
HYPE-USDT-SWAP,0.00005,1764835200000
HYPE-USDT-SWAP,0.00005,1764849600000
ICP-USDT-SWAP,0.000016492287901,1764777600000
ICP-USDT-SWAP,0.0001,1764806400000
ICP-USDT-SWAP,0.0000994377976295,1764835200000
ICX-USDT-SWAP,0.0001,1764777600000
ICX-USDT-SWAP,0.0001,1764806400000
ICX-USDT-SWAP,0.0001,1764835200000
IMX-USDT-SWAP,0.00005,1764777600000
IMX-USDT-SWAP,0.00005,1764792000000
IMX-USDT-SWAP,0.00005,1764806400000
IMX-USDT-SWAP,0.00005,1764820800000
IMX-USDT-SWAP,0.00005,1764835200000
IMX-USDT-SWAP,0.00005,1764849600000
INIT-USDT-SWAP,-0.0004590687894216,1764777600000
INIT-USDT-SWAP,-0.0000898707504223,1764792000000
INIT-USDT-SWAP,0.00005,1764806400000
INIT-USDT-SWAP,0.00005,1764820800000
INIT-USDT-SWAP,0.00005,1764835200000
INIT-USDT-SWAP,0.00005,1764849600000
INJ-USDT-SWAP,0.0001,1764777600000
INJ-USDT-SWAP,-0.0000650633287846,1764806400000
INJ-USDT-SWAP,0.0000310864157792,1764835200000
IOST-USDT-SWAP,0.000088541992596,1764777600000
IOST-USDT-SWAP,0.0000543678932047,1764806400000
IOST-USDT-SWAP,-0.0003301705059031,1764835200000
IOTA-USDT-SWAP,0.0001,1764777600000
IOTA-USDT-SWAP,-0.0000813670067844,1764806400000
IOTA-USDT-SWAP,-0.0000044864782246,1764835200000
IP-USDT-SWAP,0.0000154023153091,1764777600000
IP-USDT-SWAP,0.0000113187092069,1764792000000
IP-USDT-SWAP,0.0000261978032529,1764806400000
IP-USDT-SWAP,0.0000343100527513,1764820800000
IP-USDT-SWAP,0.0000318108187201,1764835200000
IP-USDT-SWAP,-0.0000512189134251,1764849600000
JCT-USDT-SWAP,0.00005,1764777600000
JCT-USDT-SWAP,0.0000140650633654,1764792000000
JCT-USDT-SWAP,-0.0001110099107652,1764806400000
JCT-USDT-SWAP,-0.0004541637647963,1764820800000
JCT-USDT-SWAP,-0.0001272060229458,1764835200000
JCT-USDT-SWAP,0.0002380191724237,1764849600000
JELLYJELLY-USDT-SWAP,0.00005,1764777600000
JELLYJELLY-USDT-SWAP,0.00005,1764792000000
JELLYJELLY-USDT-SWAP,0.0001091141190694,1764806400000
JELLYJELLY-USDT-SWAP,0.00005,1764820800000
JELLYJELLY-USDT-SWAP,0.00005,1764835200000
JELLYJELLY-USDT-SWAP,0.00005,1764849600000
JTO-USDT-SWAP,0.00005,1764777600000
JTO-USDT-SWAP,-0.0000406284787031,1764792000000
JTO-USDT-SWAP,-0.0000723064700024,1764806400000
JTO-USDT-SWAP,0.00005,1764820800000
JTO-USDT-SWAP,0.00005,1764835200000
JTO-USDT-SWAP,0.00005,1764849600000
JUP-USDT-SWAP,0.00005,1764777600000
JUP-USDT-SWAP,0.00005,1764792000000
JUP-USDT-SWAP,0.00005,1764806400000
JUP-USDT-SWAP,-0.0000101704884716,1764820800000
JUP-USDT-SWAP,0.00005,1764835200000
JUP-USDT-SWAP,0.0000218361865529,1764849600000
KAITO-USDT-SWAP,-0.0000685240398176,1764777600000
KAITO-USDT-SWAP,-0.0000510824266426,1764792000000
KAITO-USDT-SWAP,-0.000163929015492,1764806400000
KAITO-USDT-SWAP,0.00005,1764820800000
KAITO-USDT-SWAP,0.0000053426059524,1764835200000
KAITO-USDT-SWAP,-0.0000389351216917,1764849600000
KGEN-USDT-SWAP,0.0002323097785804,1764777600000
KGEN-USDT-SWAP,0.00005,1764792000000
KGEN-USDT-SWAP,0.00005,1764806400000
KGEN-USDT-SWAP,0.00005,1764820800000
KGEN-USDT-SWAP,0.00005,1764835200000
KGEN-USDT-SWAP,0.00005,1764849600000
KITE-USDT-SWAP,0.00005,1764777600000
KITE-USDT-SWAP,0.0000721434788582,1764792000000
KITE-USDT-SWAP,0.00005,1764806400000
KITE-USDT-SWAP,0.00005,1764820800000
KITE-USDT-SWAP,0.00005,1764835200000
KITE-USDT-SWAP,0.00005,1764849600000
KMNO-USDT-SWAP,0.00005,1764777600000
KMNO-USDT-SWAP,0.00005,1764792000000
KMNO-USDT-SWAP,0.00005,1764806400000
KMNO-USDT-SWAP,-0.0000367923788357,1764820800000
KMNO-USDT-SWAP,0.00005,1764835200000
KMNO-USDT-SWAP,0.00005,1764849600000
KSM-USDT-SWAP,-0.000028567450366,1764777600000
KSM-USDT-SWAP,-0.0002185669027184,1764806400000
KSM-USDT-SWAP,0.0001,1764835200000
LA-USDT-SWAP,-0.0000017124475973,1764777600000
LA-USDT-SWAP,-0.0002591810416268,1764792000000
LA-USDT-SWAP,-0.0005636810835289,1764806400000
LA-USDT-SWAP,0.0000138184628403,1764820800000
LA-USDT-SWAP,0.00005,1764835200000
LA-USDT-SWAP,-0.000259124064508,1764849600000
LAB-USDT-SWAP,0.00005,1764777600000
LAB-USDT-SWAP,0.00005,1764792000000
LAB-USDT-SWAP,0.00005,1764806400000
LAB-USDT-SWAP,0.00005,1764820800000
LAB-USDT-SWAP,0.00005,1764835200000
LAB-USDT-SWAP,0.00005,1764849600000
LAYER-USDT-SWAP,0.00005,1764777600000
LAYER-USDT-SWAP,-0.015,1764792000000
LAYER-USDT-SWAP,-0.0031328670616456,1764795600000
LAYER-USDT-SWAP,-0.0003183085761016,1764799200000
LAYER-USDT-SWAP,-0.000088305191494,1764802800000
LAYER-USDT-SWAP,-0.0003407430758266,1764806400000
LAYER-USDT-SWAP,-0.001699487045179,1764810000000
LAYER-USDT-SWAP,-0.0016770362599296,1764813600000
LAYER-USDT-SWAP,-0.0009887178806862,1764817200000
LAYER-USDT-SWAP,-0.0007684328906461,1764820800000
LAYER-USDT-SWAP,-0.0000215245516823,1764824400000
LAYER-USDT-SWAP,-0.0000332635598305,1764828000000
LAYER-USDT-SWAP,-0.0006125430815538,1764831600000
LAYER-USDT-SWAP,-0.0021022417158692,1764835200000
LAYER-USDT-SWAP,-0.0040306952256801,1764838800000
LAYER-USDT-SWAP,-0.0003651611175179,1764842400000
LAYER-USDT-SWAP,-0.0014370535521061,1764846000000
LAYER-USDT-SWAP,-0.0005299446367463,1764849600000
LAYER-USDT-SWAP,-0.0000978196891272,1764853200000
LAYER-USDT-SWAP,-0.0015395109540706,1764856800000
LAYER-USDT-SWAP,-0.0009667103231105,1764860400000
LDO-USDT-SWAP,0.0001,1764777600000
LDO-USDT-SWAP,0.0001,1764806400000
LDO-USDT-SWAP,0.0001,1764835200000
LINEA-USDT-SWAP,0.00005,1764777600000
LINEA-USDT-SWAP,0.00005,1764792000000
LINEA-USDT-SWAP,0.00005,1764806400000
LINEA-USDT-SWAP,-0.0000175072236744,1764820800000
LINEA-USDT-SWAP,-0.0000059018640394,1764835200000
LINEA-USDT-SWAP,0.00005,1764849600000
LINK-USD-SWAP,0.000096332462929,1764777600000
LINK-USD-SWAP,0.0000409979575232,1764806400000
LINK-USD-SWAP,-0.0000634461478463,1764835200000
LINK-USDT-SWAP,0.0000722826652317,1764777600000
LINK-USDT-SWAP,0.0000410275171137,1764806400000
LINK-USDT-SWAP,0.0000074230804798,1764835200000
LPT-USDT-SWAP,0.0000137079827217,1764777600000
LPT-USDT-SWAP,0.000015782360551,1764792000000
LPT-USDT-SWAP,-0.0000620779015289,1764806400000
LPT-USDT-SWAP,0.00005,1764820800000
LPT-USDT-SWAP,0.0000144750593603,1764835200000
LPT-USDT-SWAP,0.00005,1764849600000
LQTY-USDT-SWAP,0.0000882477935463,1764777600000
LQTY-USDT-SWAP,0.0001,1764806400000
LQTY-USDT-SWAP,0.0001,1764835200000
LRC-USDT-SWAP,-0.0001495342177471,1764777600000
LRC-USDT-SWAP,0.0000444358669883,1764806400000
LRC-USDT-SWAP,0.0000916818712234,1764835200000
LTC-USD-SWAP,-0.0000051094200613,1764777600000
LTC-USD-SWAP,0.0000154029600765,1764806400000
LTC-USD-SWAP,0.0000575624390227,1764835200000
LTC-USDT-SWAP,0.0000594667094292,1764777600000
LTC-USDT-SWAP,0.0000614311003822,1764806400000
LTC-USDT-SWAP,-0.0000051076829122,1764835200000
LUNA-USDT-SWAP,-0.0001927496126213,1764777600000
LUNA-USDT-SWAP,0.0000813088949372,1764806400000
LUNA-USDT-SWAP,0.0001,1764835200000
MAGIC-USDT-SWAP,0.00005,1764777600000
MAGIC-USDT-SWAP,-0.0000244731398596,1764792000000
MAGIC-USDT-SWAP,0.00005,1764806400000
MAGIC-USDT-SWAP,0.00005,1764820800000
MAGIC-USDT-SWAP,0.00005,1764835200000
MAGIC-USDT-SWAP,-0.0001136374994187,1764849600000
MANA-USDT-SWAP,0.0001,1764777600000
MANA-USDT-SWAP,0.0001,1764806400000
MANA-USDT-SWAP,0.0001,1764835200000
MASK-USDT-SWAP,0.0001,1764777600000
MASK-USDT-SWAP,0.0000274523874185,1764806400000
MASK-USDT-SWAP,0.0001,1764835200000
ME-USDT-SWAP,-0.0003590249361342,1764777600000
ME-USDT-SWAP,-0.0002462248844646,1764792000000
ME-USDT-SWAP,-0.0005819273045826,1764806400000
ME-USDT-SWAP,-0.0005063838087558,1764820800000
ME-USDT-SWAP,-0.000306834822158,1764835200000
ME-USDT-SWAP,-0.0000960073862201,1764849600000
MEME-USDT-SWAP,0.00005,1764777600000
MEME-USDT-SWAP,0.00005,1764792000000
MEME-USDT-SWAP,0.00005,1764806400000
MEME-USDT-SWAP,0.00005,1764820800000
MEME-USDT-SWAP,0.00005,1764835200000
MEME-USDT-SWAP,0.00005,1764849600000
MERL-USDT-SWAP,-0.0007155628191746,1764777600000
MERL-USDT-SWAP,-0.0001482859737106,1764781200000
MERL-USDT-SWAP,-0.0002192719162433,1764784800000
MERL-USDT-SWAP,-0.000214272356326,1764788400000
MERL-USDT-SWAP,-0.0007078382563637,1764792000000
MERL-USDT-SWAP,-0.0000355242567396,1764795600000
MERL-USDT-SWAP,0.0000125,1764799200000
MERL-USDT-SWAP,0.0000125,1764802800000
MERL-USDT-SWAP,-0.0001626358559178,1764806400000
MERL-USDT-SWAP,0.0000125,1764810000000
MERL-USDT-SWAP,-0.0001143808124782,1764813600000
MERL-USDT-SWAP,-0.0000845170489282,1764817200000
MERL-USDT-SWAP,0.0000125,1764820800000
MERL-USDT-SWAP,-0.0000479359473647,1764824400000
MERL-USDT-SWAP,0.0000125,1764828000000
MERL-USDT-SWAP,0.0000125,1764831600000
MERL-USDT-SWAP,0.0000125,1764835200000
MERL-USDT-SWAP,-0.0000337810768818,1764838800000
MERL-USDT-SWAP,0.0000030827681841,1764842400000
MERL-USDT-SWAP,-0.0001831871151635,1764846000000
MERL-USDT-SWAP,-0.0003125655128895,1764849600000
MERL-USDT-SWAP,-0.0003354882016481,1764853200000
MERL-USDT-SWAP,-0.0000472599471186,1764856800000
MERL-USDT-SWAP,-0.0000427108925563,1764860400000
MET-USDT-SWAP,0.00005,1764777600000
MET-USDT-SWAP,-0.0000945788254174,1764792000000
MET-USDT-SWAP,0.00005,1764806400000
MET-USDT-SWAP,0.00005,1764820800000
MET-USDT-SWAP,0.00005,1764835200000
MET-USDT-SWAP,0.0000214958322478,1764849600000
METIS-USDT-SWAP,0.00005,1764777600000
METIS-USDT-SWAP,0.00005,1764792000000
METIS-USDT-SWAP,0.00005,1764806400000
METIS-USDT-SWAP,0.00005,1764820800000
METIS-USDT-SWAP,0.00005,1764835200000
METIS-USDT-SWAP,0.00005,1764849600000
MEW-USDT-SWAP,0.00005,1764777600000
MEW-USDT-SWAP,0.00005,1764792000000
MEW-USDT-SWAP,0.00005,1764806400000
MEW-USDT-SWAP,0.00005,1764820800000
MEW-USDT-SWAP,0.00005,1764835200000
MEW-USDT-SWAP,0.00005,1764849600000
MINA-USDT-SWAP,0.00005,1764777600000
MINA-USDT-SWAP,0.00005,1764792000000
MINA-USDT-SWAP,0.00005,1764806400000
MINA-USDT-SWAP,0.00005,1764820800000
MINA-USDT-SWAP,-0.0000769552774968,1764835200000
MINA-USDT-SWAP,-0.0001606242298254,1764849600000
MMT-USDT-SWAP,0.00005,1764777600000
MMT-USDT-SWAP,0.00005,1764792000000
MMT-USDT-SWAP,0.00005,1764806400000
MMT-USDT-SWAP,0.00005,1764820800000
MMT-USDT-SWAP,0.00005,1764835200000
MMT-USDT-SWAP,0.00005,1764849600000
MOG-USDT-SWAP,0.00005,1764777600000
MOG-USDT-SWAP,0.00005,1764792000000
MOG-USDT-SWAP,0.00005,1764806400000
MOG-USDT-SWAP,0.00005,1764820800000
MOG-USDT-SWAP,0.00005,1764835200000
MOG-USDT-SWAP,0.00005,1764849600000
MON-USDT-SWAP,0.00005,1764777600000
MON-USDT-SWAP,0.00005,1764792000000
MON-USDT-SWAP,0.00005,1764806400000
MON-USDT-SWAP,0.00005,1764820800000
MON-USDT-SWAP,-0.0000321385269012,1764835200000
MON-USDT-SWAP,0.00005,1764849600000
MOODENG-USDT-SWAP,-0.0003709702208546,1764777600000
MOODENG-USDT-SWAP,-0.0003915456409513,1764792000000
MOODENG-USDT-SWAP,-0.0000406984017287,1764806400000
MOODENG-USDT-SWAP,-0.0000962433398366,1764820800000
MOODENG-USDT-SWAP,-0.0002093757391134,1764835200000
MOODENG-USDT-SWAP,0.00005,1764849600000
MORPHO-USDT-SWAP,0.00005,1764777600000
MORPHO-USDT-SWAP,-0.000201094988333,1764792000000
MORPHO-USDT-SWAP,-0.0010215022633784,1764806400000
MORPHO-USDT-SWAP,-0.0005613614987417,1764820800000
MORPHO-USDT-SWAP,-0.0002109592274599,1764835200000
MORPHO-USDT-SWAP,-0.000077012909102,1764849600000
MOVE-USDT-SWAP,0.00005,1764777600000
MOVE-USDT-SWAP,0.00005,1764792000000
MOVE-USDT-SWAP,0.00005,1764806400000
MOVE-USDT-SWAP,0.00005,1764820800000
MOVE-USDT-SWAP,0.00005,1764835200000
MOVE-USDT-SWAP,0.00005,1764849600000
MUBARAK-USDT-SWAP,0.00005,1764777600000
MUBARAK-USDT-SWAP,0.00005,1764792000000
MUBARAK-USDT-SWAP,0.00005,1764806400000
MUBARAK-USDT-SWAP,0.00005,1764820800000
MUBARAK-USDT-SWAP,0.00005,1764835200000
MUBARAK-USDT-SWAP,0.00005,1764849600000
NEAR-USDT-SWAP,0.0000388037654018,1764777600000
NEAR-USDT-SWAP,-0.0000418308585943,1764806400000
NEAR-USDT-SWAP,0.000025934079698,1764835200000
NEIRO-USDT-SWAP,0.00005,1764777600000
NEIRO-USDT-SWAP,0.00005,1764792000000
NEIRO-USDT-SWAP,0.00005,1764806400000
NEIRO-USDT-SWAP,0.00005,1764820800000
NEIRO-USDT-SWAP,0.00005,1764835200000
NEIRO-USDT-SWAP,0.00005,1764849600000
NEO-USDT-SWAP,0.0001,1764777600000
NEO-USDT-SWAP,0.000024322346213,1764806400000
NEO-USDT-SWAP,0.0001,1764835200000
NEWT-USDT-SWAP,0.00005,1764777600000
NEWT-USDT-SWAP,0.00005,1764792000000
NEWT-USDT-SWAP,0.00005,1764806400000
NEWT-USDT-SWAP,0.00005,1764820800000
NEWT-USDT-SWAP,0.00005,1764835200000
NEWT-USDT-SWAP,0.0000440262540003,1764849600000
NMR-USDT-SWAP,0.0000073292607302,1764777600000
NMR-USDT-SWAP,-0.0002413089910899,1764792000000
NMR-USDT-SWAP,0.00005,1764806400000
NMR-USDT-SWAP,-0.000267306780629,1764820800000
NMR-USDT-SWAP,-0.0000556364306422,1764835200000
NMR-USDT-SWAP,-0.0001888823466631,1764849600000
NOT-USDT-SWAP,0.00005,1764777600000
NOT-USDT-SWAP,0.00005,1764792000000
NOT-USDT-SWAP,0.00005,1764806400000
NOT-USDT-SWAP,0.0000392311604965,1764820800000
NOT-USDT-SWAP,0.00005,1764835200000
NOT-USDT-SWAP,0.00005,1764849600000
OKB-USDT-SWAP,0.00005,1764777600000
OKB-USDT-SWAP,0.00005,1764792000000
OKB-USDT-SWAP,0.00005,1764806400000
OKB-USDT-SWAP,0.00005,1764820800000
OKB-USDT-SWAP,0.00005,1764835200000
OKB-USDT-SWAP,0.00005,1764849600000
OL-USDT-SWAP,0.00005,1764777600000
OL-USDT-SWAP,0.00005,1764792000000
OL-USDT-SWAP,0.00005,1764806400000
OL-USDT-SWAP,0.00005,1764820800000
OL-USDT-SWAP,0.00005,1764835200000
OL-USDT-SWAP,0.00005,1764849600000
OM-USDT-SWAP,0.0000125,1764777600000
OM-USDT-SWAP,0.0000125,1764781200000
OM-USDT-SWAP,0.0000125,1764784800000
OM-USDT-SWAP,0.0000125,1764788400000
OM-USDT-SWAP,0.0000125,1764792000000
OM-USDT-SWAP,0.0000125,1764795600000
OM-USDT-SWAP,0.0000125,1764799200000
OM-USDT-SWAP,0.0000125,1764802800000
OM-USDT-SWAP,0.0000125,1764806400000
OM-USDT-SWAP,0.0000125,1764810000000
OM-USDT-SWAP,-0.0001855067695013,1764813600000
OM-USDT-SWAP,0.0000125,1764817200000
OM-USDT-SWAP,-0.0001840756014898,1764820800000
OM-USDT-SWAP,0.0000125,1764824400000
OM-USDT-SWAP,0.0000125,1764828000000
OM-USDT-SWAP,0.0000125,1764831600000
OM-USDT-SWAP,0.0000125,1764835200000
OM-USDT-SWAP,0.0000125,1764838800000
OM-USDT-SWAP,0.0000125,1764842400000
OM-USDT-SWAP,0.0000125,1764846000000
OM-USDT-SWAP,0.0000125,1764849600000
OM-USDT-SWAP,0.0000125,1764853200000
OM-USDT-SWAP,0.0000125,1764856800000
OM-USDT-SWAP,0.0000125,1764860400000
ONDO-USDT-SWAP,0.00005,1764777600000
ONDO-USDT-SWAP,0.00005,1764792000000
ONDO-USDT-SWAP,0.00005,1764806400000
ONDO-USDT-SWAP,0.00005,1764820800000
ONDO-USDT-SWAP,0.00005,1764835200000
ONDO-USDT-SWAP,0.00005,1764849600000
ONE-USDT-SWAP,0.0001,1764777600000
ONE-USDT-SWAP,0.0001,1764806400000
ONE-USDT-SWAP,0.0001,1764835200000
ONT-USDT-SWAP,0.00005,1764777600000
ONT-USDT-SWAP,0.00005,1764792000000
ONT-USDT-SWAP,0.00005,1764806400000
ONT-USDT-SWAP,0.00005,1764820800000
ONT-USDT-SWAP,0.00005,1764835200000
ONT-USDT-SWAP,0.00005,1764849600000
OP-USDT-SWAP,0.0001,1764777600000
OP-USDT-SWAP,0.000015343235881,1764806400000
OP-USDT-SWAP,0.0001,1764835200000
ORDER-USDT-SWAP,0.00005,1764777600000
ORDER-USDT-SWAP,0.00005,1764792000000
ORDER-USDT-SWAP,0.00005,1764806400000
ORDER-USDT-SWAP,0.00005,1764820800000
ORDER-USDT-SWAP,0.00005,1764835200000
ORDER-USDT-SWAP,0.00005,1764849600000
ORDI-USDT-SWAP,0.00005,1764777600000
ORDI-USDT-SWAP,0.00005,1764792000000
ORDI-USDT-SWAP,0.00005,1764806400000
ORDI-USDT-SWAP,0.00005,1764820800000
ORDI-USDT-SWAP,0.00005,1764835200000
ORDI-USDT-SWAP,0.00005,1764849600000
PARTI-USDT-SWAP,0.00005,1764777600000
PARTI-USDT-SWAP,0.00005,1764792000000
PARTI-USDT-SWAP,0.00005,1764806400000
PARTI-USDT-SWAP,0.00005,1764820800000
PARTI-USDT-SWAP,-0.0001880362682389,1764835200000
PARTI-USDT-SWAP,-0.0000089459572572,1764849600000
PENDLE-USDT-SWAP,0.00005,1764777600000
PENDLE-USDT-SWAP,0.0000220778267092,1764792000000
PENDLE-USDT-SWAP,-0.0000690427390301,1764806400000
PENDLE-USDT-SWAP,-0.000006448209083,1764820800000
PENDLE-USDT-SWAP,0.0000497621978635,1764835200000
PENDLE-USDT-SWAP,0.00005,1764849600000
PENGU-USDT-SWAP,0.00005,1764777600000
PENGU-USDT-SWAP,0.00005,1764792000000
PENGU-USDT-SWAP,0.0000290585661046,1764806400000
PENGU-USDT-SWAP,0.0000401359612592,1764820800000
PENGU-USDT-SWAP,0.00005,1764835200000
PENGU-USDT-SWAP,0.00005,1764849600000
PEOPLE-USDT-SWAP,0.0001,1764777600000
PEOPLE-USDT-SWAP,0.0000762787372928,1764806400000
PEOPLE-USDT-SWAP,0.0001,1764835200000
PEPE-USDT-SWAP,0.0001,1764777600000
PEPE-USDT-SWAP,0.0000681920191884,1764806400000
PEPE-USDT-SWAP,0.0000942154064692,1764835200000
PI-USDT-SWAP,0.00005,1764777600000
PI-USDT-SWAP,0.00005,1764792000000
PI-USDT-SWAP,-0.0000334273983921,1764806400000
PI-USDT-SWAP,0.00005,1764820800000
PI-USDT-SWAP,0.00005,1764835200000
PI-USDT-SWAP,-0.000098296803276,1764849600000
PIEVERSE-USDT-SWAP,0.0000098827401456,1764777600000
PIEVERSE-USDT-SWAP,0.00005,1764792000000
PIEVERSE-USDT-SWAP,-0.0000369155053674,1764806400000
PIEVERSE-USDT-SWAP,-0.0004619028093943,1764820800000
PIEVERSE-USDT-SWAP,-0.0004890189509027,1764835200000
PIEVERSE-USDT-SWAP,0.00005,1764849600000
PIGGY-USDT-SWAP,0.0003007887178262,1764777600000
PIGGY-USDT-SWAP,0.0019626924602582,1764792000000
PIGGY-USDT-SWAP,0.0020069571904767,1764806400000
PIGGY-USDT-SWAP,0.0010669743062982,1764820800000
PIGGY-USDT-SWAP,0.0007269367226396,1764835200000
PIGGY-USDT-SWAP,0.0003325995964301,1764849600000
PIPPIN-USDT-SWAP,-0.0039202738959524,1764777600000
PIPPIN-USDT-SWAP,-0.0032119903199435,1764781200000
PIPPIN-USDT-SWAP,-0.0104634504958181,1764784800000
PIPPIN-USDT-SWAP,-0.0075398556326533,1764788400000
PIPPIN-USDT-SWAP,-0.0101815050712424,1764792000000
PIPPIN-USDT-SWAP,-0.0076573622911218,1764795600000
PIPPIN-USDT-SWAP,-0.0070099486447097,1764799200000
PIPPIN-USDT-SWAP,-0.0042797115876619,1764802800000
PIPPIN-USDT-SWAP,-0.0050784263857434,1764806400000
PIPPIN-USDT-SWAP,-0.0011097287246383,1764810000000
PIPPIN-USDT-SWAP,-0.001622892941925,1764813600000
PIPPIN-USDT-SWAP,-0.0028634035009484,1764817200000
PIPPIN-USDT-SWAP,-0.0023242386447975,1764820800000
PIPPIN-USDT-SWAP,-0.0005107824228857,1764824400000
PIPPIN-USDT-SWAP,-0.0050742112144138,1764828000000
PIPPIN-USDT-SWAP,-0.0054792064283075,1764831600000
PIPPIN-USDT-SWAP,-0.0035092331257309,1764835200000
PIPPIN-USDT-SWAP,-0.0028359383597871,1764838800000
PIPPIN-USDT-SWAP,-0.0048993372073269,1764842400000
PIPPIN-USDT-SWAP,-0.0043732596719963,1764846000000
PIPPIN-USDT-SWAP,-0.0019103503595296,1764849600000
PIPPIN-USDT-SWAP,-0.0027708090510419,1764853200000
PIPPIN-USDT-SWAP,-0.0030520373665546,1764856800000
PIPPIN-USDT-SWAP,-0.0016210896728164,1764860400000
PLUME-USDT-SWAP,0.0000125,1764777600000
PLUME-USDT-SWAP,0.0000125,1764781200000
PLUME-USDT-SWAP,0.0000125,1764784800000
PLUME-USDT-SWAP,0.0000125,1764788400000
PLUME-USDT-SWAP,0.0000125,1764792000000
PLUME-USDT-SWAP,0.0000125,1764795600000
PLUME-USDT-SWAP,0.0000125,1764799200000
PLUME-USDT-SWAP,-0.0000224357297144,1764802800000
PLUME-USDT-SWAP,-0.0002544731500172,1764806400000
PLUME-USDT-SWAP,0.0000125,1764810000000
PLUME-USDT-SWAP,0.0000125,1764813600000
PLUME-USDT-SWAP,0.0000125,1764817200000
PLUME-USDT-SWAP,0.0000125,1764820800000
PLUME-USDT-SWAP,0.0000125,1764824400000
PLUME-USDT-SWAP,0.0000125,1764828000000
PLUME-USDT-SWAP,0.0000125,1764831600000
PLUME-USDT-SWAP,0.0000125,1764835200000
PLUME-USDT-SWAP,-0.0003139886491694,1764838800000
PLUME-USDT-SWAP,-0.0001407026992656,1764842400000
PLUME-USDT-SWAP,-0.0002498842280954,1764846000000
PLUME-USDT-SWAP,0.0000125,1764849600000
PLUME-USDT-SWAP,0.0000125,1764853200000
PLUME-USDT-SWAP,-0.0002391173904112,1764856800000
PLUME-USDT-SWAP,-0.0000872748150927,1764860400000
PNUT-USDT-SWAP,0.00005,1764777600000
PNUT-USDT-SWAP,0.00005,1764792000000
PNUT-USDT-SWAP,0.00005,1764806400000
PNUT-USDT-SWAP,0.00005,1764820800000
PNUT-USDT-SWAP,0.00005,1764835200000
PNUT-USDT-SWAP,0.00005,1764849600000
POL-USDT-SWAP,-0.0001660336095471,1764777600000
POL-USDT-SWAP,-0.000192727896912,1764792000000
POL-USDT-SWAP,-0.0001214765569245,1764806400000
POL-USDT-SWAP,-0.0000591893271463,1764820800000
POL-USDT-SWAP,-0.0001073953537537,1764835200000
POL-USDT-SWAP,0.0000416699396243,1764849600000
POPCAT-USDT-SWAP,0.00005,1764777600000
POPCAT-USDT-SWAP,0.00005,1764792000000
POPCAT-USDT-SWAP,0.00005,1764806400000
POPCAT-USDT-SWAP,0.00005,1764820800000
POPCAT-USDT-SWAP,0.00005,1764835200000
POPCAT-USDT-SWAP,0.00005,1764849600000
PRCL-USDT-SWAP,0.00005,1764777600000
PRCL-USDT-SWAP,0.00005,1764792000000
PRCL-USDT-SWAP,0.00005,1764806400000
PRCL-USDT-SWAP,0.00005,1764820800000
PRCL-USDT-SWAP,0.00005,1764835200000
PRCL-USDT-SWAP,0.00005,1764849600000
PROMPT-USDT-SWAP,0.00005,1764777600000
PROMPT-USDT-SWAP,0.00005,1764792000000
PROMPT-USDT-SWAP,0.00005,1764806400000
PROMPT-USDT-SWAP,0.00005,1764820800000
PROMPT-USDT-SWAP,0.00005,1764835200000
PROMPT-USDT-SWAP,0.00005,1764849600000
PROVE-USDT-SWAP,0.00005,1764777600000
PROVE-USDT-SWAP,0.0000375151537364,1764792000000
PROVE-USDT-SWAP,0.000001847878824,1764806400000
PROVE-USDT-SWAP,-0.0000198081165271,1764820800000
PROVE-USDT-SWAP,0.00005,1764835200000
PROVE-USDT-SWAP,0.0000390937288986,1764849600000
PUMP-USDT-SWAP,0.00005,1764777600000
PUMP-USDT-SWAP,0.00005,1764792000000
PUMP-USDT-SWAP,-0.0000397037122348,1764806400000
PUMP-USDT-SWAP,-0.0000906959992947,1764820800000
PUMP-USDT-SWAP,0.00005,1764835200000
PUMP-USDT-SWAP,0.00005,1764849600000
PYTH-USDT-SWAP,0.00005,1764777600000
PYTH-USDT-SWAP,0.00005,1764792000000
PYTH-USDT-SWAP,0.00005,1764806400000
PYTH-USDT-SWAP,0.00005,1764820800000
PYTH-USDT-SWAP,0.00005,1764835200000
PYTH-USDT-SWAP,0.00005,1764849600000
QTUM-USDT-SWAP,0.00005,1764777600000
QTUM-USDT-SWAP,0.00005,1764792000000
QTUM-USDT-SWAP,-0.0000602289848396,1764806400000
QTUM-USDT-SWAP,0.00005,1764820800000
QTUM-USDT-SWAP,0.00005,1764835200000
QTUM-USDT-SWAP,0.00005,1764849600000
RAY-USDT-SWAP,-0.000483973766969,1764777600000
RAY-USDT-SWAP,-0.0006959592819009,1764806400000
RAY-USDT-SWAP,-0.0010576515653212,1764835200000
RECALL-USDT-SWAP,0.00005,1764777600000
RECALL-USDT-SWAP,-0.004684602145955,1764792000000
RECALL-USDT-SWAP,-0.0022077649917421,1764806400000
RECALL-USDT-SWAP,-0.0041541740480791,1764820800000
RECALL-USDT-SWAP,-0.0074824898301204,1764835200000
RECALL-USDT-SWAP,-0.0038452988210054,1764849600000
RENDER-USDT-SWAP,0.00005,1764777600000
RENDER-USDT-SWAP,0.00005,1764792000000
RENDER-USDT-SWAP,0.00005,1764806400000
RENDER-USDT-SWAP,0.00005,1764820800000
RENDER-USDT-SWAP,0.00005,1764835200000
RENDER-USDT-SWAP,0.0000215112986168,1764849600000
RESOLV-USDT-SWAP,-0.0005511366995839,1764777600000
RESOLV-USDT-SWAP,-0.0007970506766144,1764781200000
RESOLV-USDT-SWAP,-0.0002091615493807,1764784800000
RESOLV-USDT-SWAP,0.0000125,1764788400000
RESOLV-USDT-SWAP,0.0000125,1764792000000
RESOLV-USDT-SWAP,-0.000143332319058,1764795600000
RESOLV-USDT-SWAP,0.0000125,1764799200000
RESOLV-USDT-SWAP,0.0000125,1764802800000
RESOLV-USDT-SWAP,0.0000125,1764806400000
RESOLV-USDT-SWAP,0.0000125,1764810000000
RESOLV-USDT-SWAP,0.0000125,1764813600000
RESOLV-USDT-SWAP,-0.0001557546044698,1764817200000
RESOLV-USDT-SWAP,-0.0004005623881188,1764820800000
RESOLV-USDT-SWAP,-0.0001069536876399,1764824400000
RESOLV-USDT-SWAP,0.0000125,1764828000000
RESOLV-USDT-SWAP,-0.0000823614832498,1764831600000
RESOLV-USDT-SWAP,-0.0003350858504211,1764835200000
RESOLV-USDT-SWAP,-0.0002316850975063,1764838800000
RESOLV-USDT-SWAP,-0.0000943099845748,1764842400000
RESOLV-USDT-SWAP,-0.0000895961563803,1764846000000
RESOLV-USDT-SWAP,-0.0003748712687578,1764849600000
RESOLV-USDT-SWAP,-0.0004544096069066,1764853200000
RESOLV-USDT-SWAP,-0.0003540261597839,1764856800000
RESOLV-USDT-SWAP,-0.0003594804505282,1764860400000
RLS-USDT-SWAP,-0.0000622034046446,1764777600000
RLS-USDT-SWAP,-0.0012217191638807,1764792000000
RLS-USDT-SWAP,0.00005,1764806400000
RLS-USDT-SWAP,-0.0003153398727171,1764820800000
RLS-USDT-SWAP,0.00005,1764835200000
RLS-USDT-SWAP,-0.0001313890981419,1764849600000
RSR-USDT-SWAP,0.0001,1764777600000
RSR-USDT-SWAP,-0.0000224615461786,1764806400000
RSR-USDT-SWAP,0.0000402870257118,1764835200000
RVN-USDT-SWAP,0.0001,1764777600000
RVN-USDT-SWAP,-0.0000946892880201,1764806400000
RVN-USDT-SWAP,0.0000239183333311,1764835200000
S-USDT-SWAP,0.00005,1764777600000
S-USDT-SWAP,0.00005,1764792000000
S-USDT-SWAP,0.00005,1764806400000
S-USDT-SWAP,0.00005,1764820800000
S-USDT-SWAP,0.00005,1764835200000
S-USDT-SWAP,0.00005,1764849600000
SAHARA-USDT-SWAP,0.00005,1764777600000
SAHARA-USDT-SWAP,0.00005,1764792000000
SAHARA-USDT-SWAP,0.00005,1764806400000
SAHARA-USDT-SWAP,0.00005,1764820800000
SAHARA-USDT-SWAP,0.0000013992577221,1764835200000
SAHARA-USDT-SWAP,-0.0014542549890244,1764849600000
SAND-USDT-SWAP,0.0001,1764777600000
SAND-USDT-SWAP,0.0001,1764806400000
SAND-USDT-SWAP,0.0001,1764835200000
SAPIEN-USDT-SWAP,-0.0078456665370532,1764777600000
SAPIEN-USDT-SWAP,-0.0034657722943894,1764792000000
SAPIEN-USDT-SWAP,-0.0029214429384256,1764806400000
SAPIEN-USDT-SWAP,-0.0048154130414846,1764820800000
SAPIEN-USDT-SWAP,-0.0057284071385598,1764835200000
SAPIEN-USDT-SWAP,-0.0025274935048764,1764849600000
SATS-USDT-SWAP,0.0001,1764777600000
SATS-USDT-SWAP,0.0001,1764806400000
SATS-USDT-SWAP,0.0001,1764835200000
SEI-USDT-SWAP,0.00005,1764777600000
SEI-USDT-SWAP,0.00005,1764792000000
SEI-USDT-SWAP,0.000035340344248,1764806400000
SEI-USDT-SWAP,0.00005,1764820800000
SEI-USDT-SWAP,0.00005,1764835200000
SEI-USDT-SWAP,0.00005,1764849600000
SENT-USDT-SWAP,0.00005,1764777600000
SENT-USDT-SWAP,0.00005,1764792000000
SENT-USDT-SWAP,0.00005,1764806400000
SENT-USDT-SWAP,0.00005,1764820800000
SENT-USDT-SWAP,0.00005,1764835200000
SENT-USDT-SWAP,0.00005,1764849600000
SHELL-USDT-SWAP,0.00005,1764777600000
SHELL-USDT-SWAP,0.00005,1764792000000
SHELL-USDT-SWAP,0.00005,1764806400000
SHELL-USDT-SWAP,0.00005,1764820800000
SHELL-USDT-SWAP,0.00005,1764835200000
SHELL-USDT-SWAP,0.00005,1764849600000
SHIB-USDT-SWAP,0.0000860677212863,1764777600000
SHIB-USDT-SWAP,-0.000031063878842,1764806400000
SHIB-USDT-SWAP,0.0000904503392352,1764835200000
SIGN-USDT-SWAP,-0.0004918761918561,1764777600000
SIGN-USDT-SWAP,-0.0009509992034913,1764792000000
SIGN-USDT-SWAP,-0.001129903942159,1764806400000
SIGN-USDT-SWAP,-0.0002379192083419,1764820800000
SIGN-USDT-SWAP,-0.0002966020261661,1764835200000
SIGN-USDT-SWAP,-0.0001228586067865,1764849600000
SKY-USDT-SWAP,0.00005,1764777600000
SKY-USDT-SWAP,-0.0002265001236652,1764792000000
SKY-USDT-SWAP,0.00005,1764806400000
SKY-USDT-SWAP,-0.0000598419190885,1764820800000
SKY-USDT-SWAP,-0.0000814039349695,1764835200000
SKY-USDT-SWAP,-0.0004273777853533,1764849600000
SNX-USDT-SWAP,0.0001,1764777600000
SNX-USDT-SWAP,0.0001,1764806400000
SNX-USDT-SWAP,0.0000631112264552,1764835200000
SOL-USD-SWAP,0.0000903228303741,1764777600000
SOL-USD-SWAP,0.0000494758752507,1764806400000
SOL-USD-SWAP,0.0000559416991705,1764835200000
SOL-USDT-SWAP,0.0000662074868658,1764777600000
SOL-USDT-SWAP,0.0001,1764806400000
SOL-USDT-SWAP,0.0001,1764835200000
SOL-USD_UM-SWAP,0.0001,1764777600000
SOL-USD_UM-SWAP,0.0001,1764806400000
SOL-USD_UM-SWAP,0.0001,1764835200000
SOLV-USDT-SWAP,0.00005,1764777600000
SOLV-USDT-SWAP,0.00005,1764792000000
SOLV-USDT-SWAP,0.00005,1764806400000
SOLV-USDT-SWAP,0.00005,1764820800000
SOLV-USDT-SWAP,0.00005,1764835200000
SOLV-USDT-SWAP,0.00005,1764849600000
SONIC-USDT-SWAP,-0.0002670277087539,1764777600000
SONIC-USDT-SWAP,0.00005,1764792000000
SONIC-USDT-SWAP,-0.0000056329124087,1764806400000
SONIC-USDT-SWAP,-0.0001913035879965,1764820800000
SONIC-USDT-SWAP,0.00005,1764835200000
SONIC-USDT-SWAP,-0.0004314997821978,1764849600000
SOON-USDT-SWAP,0.00005,1764777600000
SOON-USDT-SWAP,0.00005,1764792000000
SOON-USDT-SWAP,0.00005,1764806400000
SOON-USDT-SWAP,0.0001879908983309,1764820800000
SOON-USDT-SWAP,0.0008750350274769,1764835200000
SOON-USDT-SWAP,0.00005,1764849600000
SOPH-USDT-SWAP,0.00005,1764777600000
SOPH-USDT-SWAP,0.00005,1764792000000
SOPH-USDT-SWAP,0.0000219365510928,1764806400000
SOPH-USDT-SWAP,0.0000131324289178,1764820800000
SOPH-USDT-SWAP,0.0000184045852524,1764835200000
SOPH-USDT-SWAP,-0.000024577444861,1764849600000
SPK-USDT-SWAP,0.00005,1764777600000
SPK-USDT-SWAP,0.00005,1764792000000
SPK-USDT-SWAP,0.00005,1764806400000
SPK-USDT-SWAP,0.00005,1764820800000
SPK-USDT-SWAP,0.00005,1764835200000
SPK-USDT-SWAP,0.00005,1764849600000
SPX-USDT-SWAP,-0.0000758089438959,1764777600000
SPX-USDT-SWAP,-0.0000249600917884,1764792000000
SPX-USDT-SWAP,0.00005,1764806400000
SPX-USDT-SWAP,0.00005,1764820800000
SPX-USDT-SWAP,0.00005,1764835200000
SPX-USDT-SWAP,-0.0000073520333496,1764849600000
SSV-USDT-SWAP,0.0000485293280962,1764777600000
SSV-USDT-SWAP,0.0000691695880351,1764806400000
SSV-USDT-SWAP,-0.0000035838923094,1764835200000
STRK-USDT-SWAP,0.00005,1764777600000
STRK-USDT-SWAP,-0.0000029060831778,1764792000000
STRK-USDT-SWAP,0.0000163840835581,1764806400000
STRK-USDT-SWAP,-0.0003710302044667,1764820800000
STRK-USDT-SWAP,0.00005,1764835200000
STRK-USDT-SWAP,0.00005,1764849600000
STX-USDT-SWAP,-0.0000109225974426,1764777600000
STX-USDT-SWAP,-0.0000844324745655,1764806400000
STX-USDT-SWAP,-0.0000176813388553,1764835200000
SUI-USD-SWAP,0.0000717063897707,1764777600000
SUI-USD-SWAP,0.0000377367852971,1764806400000
SUI-USD-SWAP,0.000081585574484,1764835200000
SUI-USDT-SWAP,-0.0000341260836545,1764777600000
SUI-USDT-SWAP,-0.0000621002000519,1764806400000
SUI-USDT-SWAP,0.0000856270960941,1764835200000
SUSHI-USDT-SWAP,0.0000120108234694,1764777600000
SUSHI-USDT-SWAP,0.0000449098781078,1764806400000
SUSHI-USDT-SWAP,0.000023006907668,1764835200000
SYRUP-USDT-SWAP,-0.0002570061664425,1764777600000
SYRUP-USDT-SWAP,0.00005,1764792000000
SYRUP-USDT-SWAP,0.00005,1764806400000
SYRUP-USDT-SWAP,0.00005,1764820800000
SYRUP-USDT-SWAP,0.00005,1764835200000
SYRUP-USDT-SWAP,-0.0000015950968656,1764849600000
TAO-USDT-SWAP,0.00005,1764777600000
TAO-USDT-SWAP,-0.0000943975724033,1764792000000
TAO-USDT-SWAP,-0.000112582369525,1764806400000
TAO-USDT-SWAP,-0.0001135554700685,1764820800000
TAO-USDT-SWAP,0.00005,1764835200000
TAO-USDT-SWAP,0.0000052347364377,1764849600000
THETA-USDT-SWAP,0.0000655897173071,1764777600000
THETA-USDT-SWAP,0.0000396153550254,1764806400000
THETA-USDT-SWAP,-0.0001094091511125,1764835200000
TIA-USDT-SWAP,0.00005,1764777600000
TIA-USDT-SWAP,0.00005,1764792000000
TIA-USDT-SWAP,0.00005,1764806400000
TIA-USDT-SWAP,0.00005,1764820800000
TIA-USDT-SWAP,0.00005,1764835200000
TIA-USDT-SWAP,0.00005,1764849600000
TON-USDT-SWAP,0.00005,1764777600000
TON-USDT-SWAP,-0.0000501843942034,1764792000000
TON-USDT-SWAP,0.00005,1764806400000
TON-USDT-SWAP,0.00005,1764820800000
TON-USDT-SWAP,0.00005,1764835200000
TON-USDT-SWAP,0.00005,1764849600000
TRB-USDT-SWAP,0.00005,1764777600000
TRB-USDT-SWAP,0.00005,1764792000000
TRB-USDT-SWAP,0.00005,1764806400000
TRB-USDT-SWAP,0.00005,1764820800000
TRB-USDT-SWAP,0.00005,1764835200000
TRB-USDT-SWAP,0.00005,1764849600000
TREE-USDT-SWAP,0.00005,1764777600000
TREE-USDT-SWAP,0.00005,1764792000000
TREE-USDT-SWAP,0.00005,1764806400000
TREE-USDT-SWAP,0.00005,1764820800000
TREE-USDT-SWAP,0.0000327222072345,1764835200000
TREE-USDT-SWAP,0.00005,1764849600000
TRUMP-USDT-SWAP,-0.0000050217031579,1764777600000
TRUMP-USDT-SWAP,-0.0000350715260491,1764792000000
TRUMP-USDT-SWAP,-0.0000278758587526,1764806400000
TRUMP-USDT-SWAP,-0.00005079772352,1764820800000
TRUMP-USDT-SWAP,-0.0000333331666989,1764835200000
TRUMP-USDT-SWAP,-0.000020627511987,1764849600000
TRUST-USDT-SWAP,0.00005,1764777600000
TRUST-USDT-SWAP,0.00005,1764792000000
TRUST-USDT-SWAP,-0.0000506352632319,1764806400000
TRUST-USDT-SWAP,-0.0000720917556801,1764820800000
TRUST-USDT-SWAP,-0.0000137536488229,1764835200000
TRUST-USDT-SWAP,0.00005,1764849600000
TRUTH-USDT-SWAP,0.0000222392538733,1764777600000
TRUTH-USDT-SWAP,0.00005,1764792000000
TRUTH-USDT-SWAP,0.00005,1764806400000
TRUTH-USDT-SWAP,0.00005,1764820800000
TRUTH-USDT-SWAP,0.00005,1764835200000
TRUTH-USDT-SWAP,0.00005,1764849600000
TRX-USDT-SWAP,0.0000249919923275,1764777600000
TRX-USDT-SWAP,0.0000877070197039,1764806400000
TRX-USDT-SWAP,-0.000065919525035,1764835200000
TURBO-USDT-SWAP,0.0000125,1764777600000
TURBO-USDT-SWAP,0.0000125,1764781200000
TURBO-USDT-SWAP,0.0000125,1764784800000
TURBO-USDT-SWAP,0.0000125,1764788400000
TURBO-USDT-SWAP,0.0000125,1764792000000
TURBO-USDT-SWAP,0.0000125,1764795600000
TURBO-USDT-SWAP,0.0000125,1764799200000
TURBO-USDT-SWAP,-0.0000065892160113,1764802800000
TURBO-USDT-SWAP,-0.0001323318323567,1764806400000
TURBO-USDT-SWAP,0.0000125,1764810000000
TURBO-USDT-SWAP,0.0000125,1764813600000
TURBO-USDT-SWAP,-0.0000295420655032,1764817200000
TURBO-USDT-SWAP,0.0000125,1764820800000
TURBO-USDT-SWAP,-0.0001696961397993,1764824400000
TURBO-USDT-SWAP,-0.0001435400796639,1764828000000
TURBO-USDT-SWAP,-0.0001140850730979,1764831600000
TURBO-USDT-SWAP,0.0000125,1764835200000
TURBO-USDT-SWAP,0.0000125,1764838800000
TURBO-USDT-SWAP,-0.0001567097830469,1764842400000
TURBO-USDT-SWAP,-0.0004237506979932,1764846000000
TURBO-USDT-SWAP,-0.0019270364806746,1764849600000
TURBO-USDT-SWAP,-0.0014365924149021,1764853200000
TURBO-USDT-SWAP,-0.000103595331317,1764856800000
TURBO-USDT-SWAP,-0.0000467253827629,1764860400000
TURTLE-USDT-SWAP,0.00005,1764777600000
TURTLE-USDT-SWAP,0.00005,1764792000000
TURTLE-USDT-SWAP,0.00005,1764806400000
TURTLE-USDT-SWAP,0.00005,1764820800000
TURTLE-USDT-SWAP,0.00005,1764835200000
TURTLE-USDT-SWAP,0.00005,1764849600000
UMA-USDT-SWAP,0.0000173589970599,1764777600000
UMA-USDT-SWAP,0.00005,1764792000000
UMA-USDT-SWAP,0.00005,1764806400000
UMA-USDT-SWAP,0.00005,1764820800000
UMA-USDT-SWAP,-0.000003389770727,1764835200000
UMA-USDT-SWAP,0.0000246299891405,1764849600000
UNI-USD-SWAP,0.0000875792854689,1764777600000
UNI-USD-SWAP,0.0001,1764806400000
UNI-USD-SWAP,0.0000676135849458,1764835200000
UNI-USDT-SWAP,0.0000981730532336,1764777600000
UNI-USDT-SWAP,0.0000721721899095,1764806400000
UNI-USDT-SWAP,0.0001,1764835200000
USDC-USDT-SWAP,0,1764777600000
USDC-USDT-SWAP,0,1764806400000
USDC-USDT-SWAP,0,1764835200000
USELESS-USDT-SWAP,0.00005,1764777600000
USELESS-USDT-SWAP,0.0000923177227789,1764792000000
USELESS-USDT-SWAP,0.00005,1764806400000
USELESS-USDT-SWAP,0.00005,1764820800000
USELESS-USDT-SWAP,0.00005,1764835200000
USELESS-USDT-SWAP,0.0002970157717004,1764849600000
VANA-USDT-SWAP,0.00005,1764777600000
VANA-USDT-SWAP,0.0000097452316044,1764792000000
VANA-USDT-SWAP,-0.0003741796734258,1764806400000
VANA-USDT-SWAP,-0.0005108926501548,1764820800000
VANA-USDT-SWAP,-0.0004127306591057,1764835200000
VANA-USDT-SWAP,-0.0001455183422578,1764849600000
VIRTUAL-USDT-SWAP,-0.0001792755169853,1764777600000
VIRTUAL-USDT-SWAP,-0.0003217332609893,1764792000000
VIRTUAL-USDT-SWAP,-0.00016522736453,1764806400000
VIRTUAL-USDT-SWAP,-0.000064445214968,1764820800000
VIRTUAL-USDT-SWAP,0.00005,1764835200000
VIRTUAL-USDT-SWAP,0.00005,1764849600000
W-USDT-SWAP,0.00005,1764777600000
W-USDT-SWAP,0.00005,1764792000000
W-USDT-SWAP,0.00005,1764806400000
W-USDT-SWAP,0.00005,1764820800000
W-USDT-SWAP,0.00005,1764835200000
W-USDT-SWAP,0.00005,1764849600000
WAL-USDT-SWAP,-0.0002173641554205,1764777600000
WAL-USDT-SWAP,-0.0003946775219017,1764792000000
WAL-USDT-SWAP,-0.000192660640559,1764806400000
WAL-USDT-SWAP,-0.0004186533559301,1764820800000
WAL-USDT-SWAP,-0.0005575826181704,1764835200000
WAL-USDT-SWAP,-0.0003143544234041,1764849600000
WCT-USDT-SWAP,0.00005,1764777600000
WCT-USDT-SWAP,-0.002071778184796,1764792000000
WCT-USDT-SWAP,-0.0000305613405787,1764806400000
WCT-USDT-SWAP,0.00005,1764820800000
WCT-USDT-SWAP,0.00005,1764835200000
WCT-USDT-SWAP,0.00005,1764849600000
WIF-USDT-SWAP,0.00005,1764777600000
WIF-USDT-SWAP,0.00005,1764792000000
WIF-USDT-SWAP,0.0000488735549431,1764806400000
WIF-USDT-SWAP,0.0000392214969475,1764820800000
WIF-USDT-SWAP,0.00005,1764835200000
WIF-USDT-SWAP,0.00005,1764849600000
WLD-USDT-SWAP,0.0001,1764777600000
WLD-USDT-SWAP,0.0001,1764806400000
WLD-USDT-SWAP,0.0001,1764835200000
WLFI-USDT-SWAP,-0.0000236997026259,1764777600000
WLFI-USDT-SWAP,-0.0005559367754478,1764792000000
WLFI-USDT-SWAP,-0.0004120472976343,1764806400000
WLFI-USDT-SWAP,-0.0003373465551401,1764820800000
WLFI-USDT-SWAP,-0.0000674222654719,1764835200000
WLFI-USDT-SWAP,-0.0005271589983507,1764849600000
WOO-USDT-SWAP,0.0001,1764777600000
WOO-USDT-SWAP,0.0001,1764806400000
WOO-USDT-SWAP,0.0001,1764835200000
XAN-USDT-SWAP,0.00005,1764777600000
XAN-USDT-SWAP,0.00005,1764792000000
XAN-USDT-SWAP,0.00005,1764806400000
XAN-USDT-SWAP,0.00005,1764820800000
XAN-USDT-SWAP,0.00005,1764835200000
XAN-USDT-SWAP,0.00005,1764849600000
XAUT-USDT-SWAP,0.00005,1764777600000
XAUT-USDT-SWAP,0.00005,1764792000000
XAUT-USDT-SWAP,0.0000356832066775,1764806400000
XAUT-USDT-SWAP,0.00005,1764820800000
XAUT-USDT-SWAP,-0.0000576833570777,1764835200000
XAUT-USDT-SWAP,0.0000140317076968,1764849600000
XLM-USDT-SWAP,0.0001,1764777600000
XLM-USDT-SWAP,0.0001,1764806400000
XLM-USDT-SWAP,0.0001,1764835200000
XPL-USDT-SWAP,0.00005,1764777600000
XPL-USDT-SWAP,0.00005,1764792000000
XPL-USDT-SWAP,0.00005,1764806400000
XPL-USDT-SWAP,0.00005,1764820800000
XPL-USDT-SWAP,0.00005,1764835200000
XPL-USDT-SWAP,0.00005,1764849600000
XRP-USD-SWAP,0.0000885672162534,1764777600000
XRP-USD-SWAP,0.0001,1764806400000
XRP-USD-SWAP,0.0000729426966301,1764835200000
XRP-USDT-SWAP,0.000083165069466,1764777600000
XRP-USDT-SWAP,0.0000860106914334,1764806400000
XRP-USDT-SWAP,0.0001,1764835200000
XTZ-USDT-SWAP,0.0000643347629031,1764777600000
XTZ-USDT-SWAP,-0.0000562342261441,1764806400000
XTZ-USDT-SWAP,-0.0000698047015257,1764835200000
YB-USDT-SWAP,-0.000148637147021,1764777600000
YB-USDT-SWAP,-0.0001108395541746,1764792000000
YB-USDT-SWAP,-0.0000393832407575,1764806400000
YB-USDT-SWAP,0.00005,1764820800000
YB-USDT-SWAP,0.00005,1764835200000
YB-USDT-SWAP,-0.0002824688264702,1764849600000
YFI-USDT-SWAP,0.0001,1764777600000
YFI-USDT-SWAP,0.0000412454216164,1764806400000
YFI-USDT-SWAP,0.0001,1764835200000
YGG-USDT-SWAP,0.00005,1764777600000
YGG-USDT-SWAP,0.00005,1764792000000
YGG-USDT-SWAP,0.00005,1764806400000
YGG-USDT-SWAP,0.00005,1764820800000
YGG-USDT-SWAP,0.00005,1764835200000
YGG-USDT-SWAP,0.00005,1764849600000
ZBT-USDT-SWAP,0.00005,1764777600000
ZBT-USDT-SWAP,0.00005,1764792000000
ZBT-USDT-SWAP,0.00005,1764806400000
ZBT-USDT-SWAP,0.00005,1764820800000
ZBT-USDT-SWAP,0.00005,1764835200000
ZBT-USDT-SWAP,0.00005,1764849600000
ZEC-USDT-SWAP,0.00005,1764777600000
ZEC-USDT-SWAP,0.00005,1764792000000
ZEC-USDT-SWAP,0.00005,1764806400000
ZEC-USDT-SWAP,0.00005,1764820800000
ZEC-USDT-SWAP,-0.0001856577942524,1764835200000
ZEC-USDT-SWAP,-0.0000644544912922,1764849600000
ZEN-USDT-SWAP,0.00005,1764777600000
ZEN-USDT-SWAP,0.00005,1764792000000
ZEN-USDT-SWAP,0.00005,1764806400000
ZEN-USDT-SWAP,0.00005,1764820800000
ZEN-USDT-SWAP,0.00005,1764835200000
ZEN-USDT-SWAP,0.00005,1764849600000
ZENT-USDT-SWAP,0.00005,1764777600000
ZENT-USDT-SWAP,0.00005,1764792000000
ZENT-USDT-SWAP,0.00005,1764806400000
ZENT-USDT-SWAP,0.00005,1764820800000
ZENT-USDT-SWAP,0.00005,1764835200000
ZENT-USDT-SWAP,0.00005,1764849600000
ZETA-USDT-SWAP,-0.0000125873446698,1764777600000
ZETA-USDT-SWAP,-0.0000643278666103,1764792000000
ZETA-USDT-SWAP,0.0000404444573652,1764806400000
ZETA-USDT-SWAP,-0.0000806928016565,1764820800000
ZETA-USDT-SWAP,0.00005,1764835200000
ZETA-USDT-SWAP,-0.0001208654818824,1764849600000
ZIL-USDT-SWAP,0.0001,1764777600000
ZIL-USDT-SWAP,0.0001,1764806400000
ZIL-USDT-SWAP,0.0001,1764835200000
ZK-USDT-SWAP,0.00005,1764777600000
ZK-USDT-SWAP,0.0000032410440712,1764792000000
ZK-USDT-SWAP,-0.0000874013649911,1764806400000
ZK-USDT-SWAP,-0.0000048517318483,1764820800000
ZK-USDT-SWAP,-0.0000097034511399,1764835200000
ZK-USDT-SWAP,-0.0000486329212576,1764849600000
ZORA-USDT-SWAP,-0.0001495452367079,1764777600000
ZORA-USDT-SWAP,-0.0002438173647366,1764792000000
ZORA-USDT-SWAP,-0.000163128690497,1764806400000
ZORA-USDT-SWAP,0.00005,1764820800000
ZORA-USDT-SWAP,-0.0000385355891248,1764835200000
ZORA-USDT-SWAP,-0.0001306988484561,1764849600000
ZRO-USDT-SWAP,-0.0001660495898084,1764777600000
ZRO-USDT-SWAP,0.0000238771444175,1764792000000
ZRO-USDT-SWAP,-0.0000387851672494,1764806400000
ZRO-USDT-SWAP,-0.000145393475226,1764820800000
ZRO-USDT-SWAP,-0.000114043906741,1764835200000
ZRO-USDT-SWAP,-0.0000787410704767,1764849600000
ZRX-USDT-SWAP,-0.0001025421539562,1764777600000
ZRX-USDT-SWAP,-0.0001908674507313,1764806400000
ZRX-USDT-SWAP,-0.0000322328993499,1764835200000
